timestamp,src_ip,dst_ip,src_port,dst_port,protocol,service,attack_type,confidence,flag,src_bytes,action,rule_name,strike
2026-07-16 15:00:03,203.0.113.10,192.168.1.1,44123,80,tcp,http,DoS,0.97,S0,0,BLOCKED(DRY_RUN),SONA_BLOCK_203_0_113_10,0
2026-07-16 15:00:05,198.51.100.7,192.168.1.1,11000,22,tcp,ssh,Probe,0.88,RSTR,44,STRIKE_1,,1
2026-07-16 15:00:07,198.51.100.99,192.168.1.1,55000,80,tcp,http,DoS,0.55,S0,0,BELOW_THRESHOLD,,0
2026-07-16 15:00:09,192.168.1.99,192.168.1.1,33000,445,tcp,microsoft_ds,Probe,0.92,S1,60,ALLOWLISTED,,0
2026-07-16 15:00:11,198.51.100.7,192.168.1.1,11001,23,tcp,telnet,Probe,0.91,RSTR,40,BLOCKED(DRY_RUN),SONA_BLOCK_198_51_100_7,2
2026-07-16 15:00:13,203.0.113.55,192.168.1.1,60000,22,tcp,ssh,R2L,0.83,SF,1200,STRIKE_1,,1
2026-07-16 15:00:15,203.0.113.77,192.168.1.1,48000,80,tcp,http,U2R,0.79,SF,5000,BLOCKED(DRY_RUN),SONA_BLOCK_203_0_113_77,0
2026-07-16 15:00:17,203.0.113.10,192.168.1.1,44200,80,tcp,http,DoS,0.95,S0,0,BLOCKED(DRY_RUN),SONA_BLOCK_203_0_113_10,0
2026-07-16 17:27:04,192.168.31.211,224.0.0.22,0,0,other,other,R2L,0.4335,SF,672,ALLOWLISTED,,0
2026-07-16 17:28:11,192.168.31.211,224.0.0.22,0,0,other,other,DoS,0.5032,SF,742,ALLOWLISTED,,0
2026-07-16 17:28:58,192.168.31.211,224.0.0.22,0,0,other,other,DoS,0.471,SF,734,ALLOWLISTED,,0
2026-07-16 17:43:28,192.168.31.211,224.0.0.22,0,0,other,other,R2L,0.6823,SF,510,ALLOWLISTED,,0
2026-07-16 17:43:47,192.168.31.211,224.0.0.22,0,0,other,other,R2L,0.7213,SF,394,ALLOWLISTED,,0
2026-07-17 01:53:04,192.168.31.211,224.0.0.22,0,0,other,other,DoS,0.8005,SF,556,ALLOWLISTED,,0
2026-07-17 01:53:28,192.168.31.211,224.0.0.22,0,0,other,other,R2L,0.7218,SF,510,ALLOWLISTED,,0
2026-07-17 01:54:21,192.168.31.211,224.0.0.22,0,0,other,other,R2L,0.6798,SF,348,ALLOWLISTED,,0
2026-07-17 01:56:16,192.168.31.211,224.0.0.22,0,0,other,other,R2L,0.5028,SF,510,ALLOWLISTED,,0
2026-07-17 10:50:40,192.168.31.211,224.0.0.22,0,0,other,other,DoS,0.4763,SF,556,ALLOWLISTED,,0
2026-07-17 10:51:16,192.168.31.211,224.0.0.22,0,0,other,other,R2L,0.6813,SF,394,ALLOWLISTED,,0
2026-07-17 10:51:40,192.168.31.211,224.0.0.22,0,0,other,other,DoS,0.8005,SF,556,ALLOWLISTED,,0
2026-07-17 10:51:57,192.168.31.94,224.0.0.251,5353,5353,udp,other,R2L,0.5331,SF,6337,ALLOWLISTED,,0
2026-07-17 10:52:28,192.168.31.211,224.0.0.22,0,0,other,other,DoS,0.4935,SF,696,ALLOWLISTED,,0
2026-07-17 10:55:21,192.168.31.211,192.168.56.1,137,137,udp,other,R2L,0.5189,SF,828,ALLOWLISTED,,0
2026-07-17 10:55:40,192.168.31.211,224.0.0.22,0,0,other,other,DoS,0.7388,SF,1460,ALLOWLISTED,,0
2026-07-17 10:56:10,192.168.31.211,224.0.0.22,0,0,other,other,R2L,0.6484,SF,348,ALLOWLISTED,,0
2026-07-17 10:56:28,192.168.31.211,224.0.0.22,0,0,other,other,R2L,0.6877,SF,348,ALLOWLISTED,,0
2026-07-17 10:58:10,192.168.31.211,224.0.0.22,0,0,other,other,R2L,0.5191,SF,440,ALLOWLISTED,,0
2026-07-17 10:58:33,192.168.31.211,224.0.0.22,0,0,other,other,R2L,0.5191,SF,418,ALLOWLISTED,,0
2026-07-17 11:00:34,192.168.31.211,52.32.86.246,56935,443,tcp,http_443,DoS,0.7936,RSTR,41220,ALLOWLISTED,,0
2026-07-17 11:03:12,192.168.31.211,44.231.35.67,61589,443,tcp,http_443,R2L,0.4743,SF,451108,ALLOWLISTED,,0
2026-07-22 01:05:20,192.168.31.211,74.125.247.128,56605,3478,udp,-,Exploits,0.4546,CON,62,ALLOWLISTED,,0
2026-07-22 01:05:23,192.168.31.211,142.250.82.211,52291,3478,udp,-,Exploits,0.4143,CON,162,ALLOWLISTED,,0
2026-07-22 01:05:29,192.168.31.211,74.125.247.128,56605,3478,udp,-,Exploits,0.5522,CON,62,ALLOWLISTED,,0
2026-07-22 01:05:39,192.168.31.211,74.125.247.128,56605,3478,udp,-,Exploits,0.5617,CON,62,ALLOWLISTED,,0
2026-07-22 01:05:41,192.168.31.211,74.125.247.128,53621,3478,tcp,-,Exploits,0.3821,INT,55,ALLOWLISTED,,0
2026-03-01 01:25:14,10.2.28.88,10.2.28.2,64691,53,udp,dns,Exploits,0.4805,CON,244,LOGGED(PCAP_ANALYSIS),,0
2026-03-01 01:25:14,10.2.28.88,10.2.28.2,54705,53,udp,dns,Exploits,0.4813,CON,213,LOGGED(PCAP_ANALYSIS),,0
2026-03-01 01:25:14,10.2.28.88,10.2.28.2,51473,53,udp,dns,Exploits,0.5283,CON,298,LOGGED(PCAP_ANALYSIS),,0
2026-03-01 01:25:14,10.2.28.88,10.2.28.2,55109,53,udp,dns,Exploits,0.44,CON,126,LOGGED(PCAP_ANALYSIS),,0
2026-03-01 01:25:14,10.2.28.88,10.2.28.2,58936,53,udp,dns,Exploits,0.4236,CON,116,LOGGED(PCAP_ANALYSIS),,0
2026-03-01 01:25:14,10.2.28.88,10.2.28.2,59979,389,tcp,ldap,Exploits,0.4893,FIN,2546,LOGGED(PCAP_ANALYSIS),,0
2026-03-01 01:25:14,10.2.28.88,10.2.28.2,63775,53,udp,dns,Exploits,0.4263,CON,79,LOGGED(PCAP_ANALYSIS),,0
2026-03-01 01:25:14,10.2.28.88,10.2.28.2,64206,53,udp,dns,Exploits,0.4263,CON,79,LOGGED(PCAP_ANALYSIS),,0
2026-03-01 01:25:14,10.2.28.88,10.2.28.2,59980,389,tcp,ldap,Exploits,0.3955,FIN,186,LOGGED(PCAP_ANALYSIS),,0
2026-03-01 01:25:23,10.2.28.88,10.2.28.2,58447,389,udp,ldap,Exploits,0.3802,CON,1431,LOGGED(PCAP_ANALYSIS),,0
2026-03-01 01:25:23,10.2.28.88,10.2.28.2,60600,53,udp,dns,Exploits,0.3775,CON,590,LOGGED(PCAP_ANALYSIS),,0
2026-03-01 01:25:23,10.2.28.88,10.2.28.2,52670,53,udp,dns,Exploits,0.501,CON,241,LOGGED(PCAP_ANALYSIS),,0
2026-03-01 01:25:23,10.2.28.88,23.47.50.182,59982,80,tcp,http,Exploits,0.2639,FIN,514,LOGGED(PCAP_ANALYSIS),,0
2026-03-01 01:25:23,10.2.28.88,13.89.179.9,59983,443,tcp,ssl,Exploits,0.4821,FIN,3570,LOGGED(PCAP_ANALYSIS),,0
2026-03-01 01:25:23,10.2.28.1,10.2.28.88,67,68,udp,dhcp,DoS,0.4946,INT,349,LOGGED(PCAP_ANALYSIS),,0
2026-03-01 01:25:23,10.2.28.88,10.2.28.2,52383,53,udp,dns,Exploits,0.3811,CON,122,LOGGED(PCAP_ANALYSIS),,0
2026-03-01 01:25:23,10.2.28.88,10.2.28.2,59403,53,udp,dns,Exploits,0.4614,CON,164,LOGGED(PCAP_ANALYSIS),,0
2026-03-01 01:25:23,10.2.28.88,104.208.203.89,59984,443,tcp,ssl,Exploits,0.5371,CON,3436,LOGGED(PCAP_ANALYSIS),,0
2026-03-01 01:25:23,10.2.28.88,10.2.28.2,62053,53,udp,dns,Exploits,0.3803,CON,532,LOGGED(PCAP_ANALYSIS),,0
2026-03-01 01:25:23,10.2.28.88,10.2.28.2,62054,389,udp,ldap,Exploits,0.4317,CON,232,LOGGED(PCAP_ANALYSIS),,0
2026-03-01 01:25:23,10.2.28.88,10.2.28.2,62055,389,udp,ldap,Exploits,0.4298,CON,232,LOGGED(PCAP_ANALYSIS),,0
2026-03-01 01:25:23,10.2.28.88,10.2.28.2,54769,53,udp,dns,Exploits,0.4021,CON,154,LOGGED(PCAP_ANALYSIS),,0
2026-03-01 01:25:23,10.2.28.88,10.2.28.2,123,123,udp,ntp,Exploits,0.4511,CON,162,LOGGED(PCAP_ANALYSIS),,0
2026-03-01 01:25:26,10.2.28.88,10.2.28.2,59981,445,tcp,smb,Exploits,0.4946,RST,5530,LOGGED(PCAP_ANALYSIS),,0
2026-03-01 01:25:30,10.2.28.88,10.2.28.2,54770,389,udp,ldap,Exploits,0.4075,CON,464,LOGGED(PCAP_ANALYSIS),,0
2026-03-01 01:25:30,10.2.28.88,10.2.28.2,59985,88,tcp,-,Exploits,0.3426,FIN,456,LOGGED(PCAP_ANALYSIS),,0
2026-03-01 01:25:30,10.2.28.88,10.2.28.2,59986,88,tcp,-,Exploits,0.3683,FIN,596,LOGGED(PCAP_ANALYSIS),,0
2026-03-01 01:25:30,10.2.28.88,10.2.28.2,59987,88,tcp,-,Exploits,0.3653,FIN,1929,LOGGED(PCAP_ANALYSIS),,0
2026-03-01 01:25:30,10.2.28.88,10.2.28.2,54771,389,udp,ldap,Exploits,0.3979,CON,463,LOGGED(PCAP_ANALYSIS),,0
2026-03-01 01:25:30,10.2.28.88,10.2.28.2,59988,445,tcp,smb,Exploits,0.4384,CON,9683,LOGGED(PCAP_ANALYSIS),,0
2026-03-01 01:25:30,10.2.28.88,10.2.28.2,59989,88,tcp,-,Exploits,0.4231,FIN,2118,LOGGED(PCAP_ANALYSIS),,0
2026-03-01 01:25:30,10.2.28.88,10.2.28.2,59990,88,tcp,-,Exploits,0.352,FIN,1886,LOGGED(PCAP_ANALYSIS),,0
2026-03-01 01:25:30,10.2.28.88,10.2.28.2,59991,445,tcp,smb,Exploits,0.4439,CON,5675,LOGGED(PCAP_ANALYSIS),,0
2026-03-01 01:25:30,10.2.28.88,10.2.28.2,59992,88,tcp,-,Exploits,0.3954,FIN,2103,LOGGED(PCAP_ANALYSIS),,0
2026-03-01 01:25:30,10.2.28.88,10.2.28.2,59993,135,tcp,-,Exploits,0.4379,CON,844,LOGGED(PCAP_ANALYSIS),,0
2026-03-01 01:25:30,10.2.28.88,10.2.28.2,59994,49671,tcp,-,Exploits,0.4013,CON,3854,LOGGED(PCAP_ANALYSIS),,0
2026-03-01 01:25:30,10.2.28.88,10.2.28.2,59995,88,tcp,-,Exploits,0.4173,FIN,2134,LOGGED(PCAP_ANALYSIS),,0
2026-03-01 01:25:30,10.2.28.88,10.2.28.2,59996,62068,tcp,-,Exploits,0.3998,CON,1545,LOGGED(PCAP_ANALYSIS),,0
2026-03-01 01:25:30,10.2.28.88,10.2.28.2,59997,389,tcp,ldap,Exploits,0.3785,FIN,3457,LOGGED(PCAP_ANALYSIS),,0
2026-03-01 01:25:30,10.2.28.88,10.2.28.2,59998,389,tcp,ldap,Exploits,0.3735,FIN,2996,LOGGED(PCAP_ANALYSIS),,0
2026-03-01 01:25:30,10.2.28.88,104.208.203.89,59984,443,tcp,ssl,Exploits,0.3402,INT,367,LOGGED(PCAP_ANALYSIS),,0
2026-03-01 01:25:30,10.2.28.88,10.2.28.2,62053,53,udp,dns,Exploits,0.5239,CON,184,LOGGED(PCAP_ANALYSIS),,0
2026-03-01 01:25:30,10.2.28.88,135.234.160.246,59999,443,tcp,ssl,Exploits,0.498,FIN,16684,LOGGED(PCAP_ANALYSIS),,0
2026-03-01 01:25:31,10.2.28.88,10.2.28.2,53599,53,udp,dns,Exploits,0.4533,CON,150,LOGGED(PCAP_ANALYSIS),,0
2026-03-01 01:25:31,10.2.28.88,10.2.28.2,55386,53,udp,dns,Exploits,0.4244,CON,81,LOGGED(PCAP_ANALYSIS),,0
2026-03-01 01:25:31,10.2.28.88,10.2.28.2,51622,53,udp,dns,Exploits,0.42,CON,81,LOGGED(PCAP_ANALYSIS),,0
2026-03-01 01:25:31,10.2.28.88,23.192.223.17,60000,443,tcp,ssl,Exploits,0.534,CON,2074,LOGGED(PCAP_ANALYSIS),,0
2026-03-01 01:25:31,10.2.28.88,150.171.22.17,50320,443,tcp,ssl,Exploits,0.5898,FIN,3432,LOGGED(PCAP_ANALYSIS),,0
2026-03-01 01:25:31,10.2.28.88,10.2.28.2,63544,53,udp,dns,Exploits,0.4067,CON,72,LOGGED(PCAP_ANALYSIS),,0
2026-03-01 01:25:31,10.2.28.88,10.2.28.2,59975,53,udp,dns,Exploits,0.44,CON,72,LOGGED(PCAP_ANALYSIS),,0
2026-03-01 01:25:31,10.2.28.88,23.205.110.155,58783,443,tcp,ssl,DoS,0.2305,RST,126,LOGGED(PCAP_ANALYSIS),,0
2026-03-01 01:25:31,10.2.28.88,10.2.28.2,64356,53,udp,dns,Exploits,0.51,CON,172,LOGGED(PCAP_ANALYSIS),,0
2026-03-01 01:25:31,10.2.28.88,23.41.251.53,58784,443,tcp,ssl,Exploits,0.4937,CON,2449,LOGGED(PCAP_ANALYSIS),,0
2026-03-01 01:25:51,10.2.28.88,10.2.28.2,50255,53,udp,dns,Exploits,0.3865,CON,391,LOGGED(PCAP_ANALYSIS),,0
2026-03-01 01:25:51,10.2.28.88,52.110.6.45,58785,443,tcp,ssl,Exploits,0.5443,CON,2158,LOGGED(PCAP_ANALYSIS),,0
2026-03-01 01:25:51,10.2.28.88,52.110.6.19,58786,443,tcp,ssl,Exploits,0.4657,CON,1707,LOGGED(PCAP_ANALYSIS),,0
2026-03-01 01:25:51,10.2.28.88,10.2.28.2,54936,53,udp,dns,Exploits,0.4467,CON,148,LOGGED(PCAP_ANALYSIS),,0
2026-03-01 01:25:51,10.2.28.88,23.192.223.23,58787,443,tcp,ssl,Exploits,0.471,CON,7313,LOGGED(PCAP_ANALYSIS),,0
2026-03-01 01:25:51,10.2.28.2,10.2.28.88,137,137,udp,-,DoS,0.4044,INT,104,LOGGED(PCAP_ANALYSIS),,0
2026-03-01 01:25:51,10.2.28.88,23.205.110.155,60835,443,udp,ssl,Exploits,0.4242,CON,4852,LOGGED(PCAP_ANALYSIS),,0
2026-03-01 01:25:51,10.2.28.88,10.2.28.2,54769,53,udp,dns,Exploits,0.4227,CON,154,LOGGED(PCAP_ANALYSIS),,0
2026-03-01 01:25:51,10.2.28.88,10.2.28.2,55934,53,udp,dns,Exploits,0.4108,CON,294,LOGGED(PCAP_ANALYSIS),,0
2026-03-01 01:25:51,10.2.28.88,52.110.6.19,58788,443,tcp,ssl,Exploits,0.3861,CON,3460,LOGGED(PCAP_ANALYSIS),,0
2026-03-01 01:25:51,10.2.28.88,13.107.213.57,58789,443,tcp,ssl,Exploits,0.501,CON,1715,LOGGED(PCAP_ANALYSIS),,0
2026-03-01 01:25:51,10.2.28.88,10.2.28.2,57133,53,udp,dns,Exploits,0.4533,CON,152,LOGGED(PCAP_ANALYSIS),,0
2026-03-01 01:25:51,10.2.28.88,23.218.232.170,58790,443,tcp,ssl,Exploits,0.4559,CON,1509,LOGGED(PCAP_ANALYSIS),,0
2026-03-01 01:25:51,10.2.28.88,10.2.28.2,49555,53,udp,dns,Exploits,0.46,CON,158,LOGGED(PCAP_ANALYSIS),,0
2026-03-01 01:25:51,10.2.28.88,184.29.31.84,58791,443,tcp,ssl,Exploits,0.4418,CON,1374,LOGGED(PCAP_ANALYSIS),,0
2026-03-01 01:25:51,10.2.28.88,184.29.31.84,58792,443,tcp,ssl,Exploits,0.4418,CON,1488,LOGGED(PCAP_ANALYSIS),,0
2026-03-01 01:25:51,10.2.28.88,10.2.28.2,55520,53,udp,dns,Exploits,0.3512,CON,383,LOGGED(PCAP_ANALYSIS),,0
2026-03-01 01:25:51,10.2.28.88,10.2.28.2,63172,53,udp,dns,Exploits,0.3358,CON,259,LOGGED(PCAP_ANALYSIS),,0
2026-03-01 01:25:51,10.2.28.88,10.2.28.2,65003,53,udp,dns,Exploits,0.3867,CON,78,LOGGED(PCAP_ANALYSIS),,0
2026-03-01 01:25:51,10.2.28.88,10.2.28.2,49841,53,udp,dns,Exploits,0.3933,CON,78,LOGGED(PCAP_ANALYSIS),,0
2026-03-01 01:25:51,10.2.28.88,10.2.28.2,64671,53,udp,dns,Exploits,0.3267,CON,72,LOGGED(PCAP_ANALYSIS),,0
2026-03-01 01:25:51,10.2.28.88,10.2.28.2,56908,53,udp,dns,Exploits,0.34,CON,72,LOGGED(PCAP_ANALYSIS),,0
2026-03-01 01:25:51,10.2.28.88,23.205.110.142,56631,443,tcp,ssl,Exploits,0.4133,FIN,3362,LOGGED(PCAP_ANALYSIS),,0
2026-03-01 01:25:51,10.2.28.88,52.110.6.19,56632,443,tcp,ssl,Exploits,0.4393,CON,1905,LOGGED(PCAP_ANALYSIS),,0
2026-03-01 01:25:51,10.2.28.88,52.110.6.19,56633,443,tcp,ssl,Exploits,0.4493,CON,1905,LOGGED(PCAP_ANALYSIS),,0
2026-03-01 01:25:51,10.2.28.88,150.171.28.11,53536,443,tcp,ssl,Exploits,0.4758,FIN,3578,LOGGED(PCAP_ANALYSIS),,0
2026-03-01 01:25:51,10.2.28.88,10.2.28.2,52661,53,udp,dns,Exploits,0.3733,CON,78,LOGGED(PCAP_ANALYSIS),,0
2026-03-01 01:25:51,10.2.28.88,10.2.28.2,58686,53,udp,dns,Exploits,0.3152,CON,78,LOGGED(PCAP_ANALYSIS),,0
2026-03-01 01:25:51,10.2.28.88,150.171.27.11,60961,443,tcp,ssl,Exploits,0.4953,FIN,3335,LOGGED(PCAP_ANALYSIS),,0
2026-03-01 01:25:51,10.2.28.88,10.2.28.2,59991,445,tcp,smb,Exploits,0.3654,INT,2067,LOGGED(PCAP_ANALYSIS),,0
2026-03-01 01:25:51,10.2.28.88,13.89.179.8,60962,443,tcp,ssl,Exploits,0.5459,CON,2161,LOGGED(PCAP_ANALYSIS),,0
2026-03-01 01:25:51,10.2.28.88,10.2.28.2,59993,135,tcp,-,Exploits,0.325,INT,120,LOGGED(PCAP_ANALYSIS),,0
2026-03-01 01:25:51,10.2.28.88,10.2.28.2,59996,62068,tcp,-,Exploits,0.3576,INT,120,LOGGED(PCAP_ANALYSIS),,0
2026-03-01 01:25:51,10.2.28.88,10.2.28.2,59988,445,tcp,smb,Exploits,0.4076,INT,312,LOGGED(PCAP_ANALYSIS),,0
2026-03-01 01:26:06,10.2.28.88,23.205.110.155,61203,443,udp,ssl,Exploits,0.3233,CON,12624,LOGGED(PCAP_ANALYSIS),,0
2026-03-01 01:26:06,10.2.28.88,10.2.28.2,123,123,udp,ntp,Exploits,0.4482,CON,162,LOGGED(PCAP_ANALYSIS),,0
2026-03-01 01:26:06,10.2.28.88,10.2.28.2,64084,53,udp,dns,Exploits,0.3933,CON,77,LOGGED(PCAP_ANALYSIS),,0
2026-03-01 01:26:06,10.2.28.88,10.2.28.2,64999,53,udp,dns,Exploits,0.38,CON,77,LOGGED(PCAP_ANALYSIS),,0
2026-03-01 01:26:06,10.2.28.88,23.64.147.24,51911,443,tcp,ssl,Exploits,0.4026,CON,30419,LOGGED(PCAP_ANALYSIS),,0
2026-03-01 01:26:06,10.2.28.88,10.2.28.2,55520,53,udp,dns,Exploits,0.4333,CON,140,LOGGED(PCAP_ANALYSIS),,0
2026-03-01 01:26:06,10.2.28.88,45.131.214.85,51912,443,tcp,ssl,Exploits,0.3109,CON,1605,LOGGED(PCAP_ANALYSIS),,0
2026-03-01 01:26:06,10.2.28.88,10.2.28.2,59994,49671,tcp,-,Exploits,0.3568,INT,120,LOGGED(PCAP_ANALYSIS),,0
2026-03-01 01:26:06,10.2.28.88,10.2.28.2,56828,53,udp,dns,Exploits,0.3975,CON,397,LOGGED(PCAP_ANALYSIS),,0
2026-03-01 01:26:06,10.2.28.88,10.2.28.2,51913,389,tcp,ldap,Exploits,0.3862,RST,3059,LOGGED(PCAP_ANALYSIS),,0
2026-03-01 01:26:06,10.2.28.88,10.2.28.2,51914,88,tcp,-,Exploits,0.4197,FIN,2118,LOGGED(PCAP_ANALYSIS),,0
2026-03-01 01:26:06,10.2.28.88,10.2.28.2,51915,389,tcp,ldap,Exploits,0.3835,FIN,2661,LOGGED(PCAP_ANALYSIS),,0
2026-03-01 01:26:06,10.2.28.88,20.96.153.111,51916,443,tcp,ssl,Exploits,0.4716,CON,3715,LOGGED(PCAP_ANALYSIS),,0
2026-03-01 01:26:24,10.2.28.88,10.2.28.2,54494,53,udp,dns,Exploits,0.4111,CON,94,LOGGED(PCAP_ANALYSIS),,0
2026-03-01 01:26:24,10.2.28.88,10.2.28.2,53067,53,udp,dns,Exploits,0.4244,CON,94,LOGGED(PCAP_ANALYSIS),,0
2026-03-01 01:26:24,10.2.28.88,150.171.28.11,58527,443,tcp,ssl,Exploits,0.4555,CON,4688,LOGGED(PCAP_ANALYSIS),,0
2026-03-01 01:26:24,10.2.28.88,13.107.246.57,53275,443,tcp,ssl,Exploits,0.4657,CON,3661,LOGGED(PCAP_ANALYSIS),,0
2026-03-01 01:26:24,10.2.28.88,10.2.28.2,62555,53,udp,dns,Exploits,0.4533,CON,166,LOGGED(PCAP_ANALYSIS),,0
2026-03-01 01:26:24,10.2.28.88,23.218.232.174,53276,443,tcp,ssl,Exploits,0.4319,FIN,1275,LOGGED(PCAP_ANALYSIS),,0
2026-03-01 01:26:24,10.2.28.88,23.218.232.174,53277,443,tcp,ssl,Exploits,0.4319,FIN,1272,LOGGED(PCAP_ANALYSIS),,0
2026-03-01 01:26:24,10.2.28.88,10.2.28.2,59991,445,tcp,smb,Exploits,0.3036,INT,60,LOGGED(PCAP_ANALYSIS),,0
2026-03-01 01:26:31,10.2.28.88,10.2.28.2,58913,53,udp,dns,Exploits,0.351,CON,446,LOGGED(PCAP_ANALYSIS),,0
2026-03-01 01:26:31,10.2.28.88,10.2.28.2,58914,389,udp,ldap,Exploits,0.4145,CON,232,LOGGED(PCAP_ANALYSIS),,0
2026-03-01 01:26:31,10.2.28.88,10.2.28.2,53278,135,tcp,-,Exploits,0.3624,RST,844,LOGGED(PCAP_ANALYSIS),,0
2026-03-01 01:26:31,10.2.28.88,10.2.28.2,53279,49671,tcp,-,Exploits,0.4072,RST,4424,LOGGED(PCAP_ANALYSIS),,0
2026-03-01 01:26:31,10.2.28.88,10.2.28.2,53280,389,tcp,ldap,Exploits,0.4157,FIN,3719,LOGGED(PCAP_ANALYSIS),,0
2026-03-01 01:26:31,10.2.28.88,10.2.28.2,53281,389,tcp,ldap,Exploits,0.3692,FIN,3095,LOGGED(PCAP_ANALYSIS),,0
2026-03-01 01:26:31,10.2.28.88,10.2.28.2,53282,135,tcp,-,Exploits,0.2619,RST,904,LOGGED(PCAP_ANALYSIS),,0
2026-03-01 01:26:31,10.2.28.88,10.2.28.2,53283,49671,tcp,-,Exploits,0.3686,RST,4398,LOGGED(PCAP_ANALYSIS),,0
2026-03-01 01:26:31,10.2.28.88,10.2.28.2,53284,389,tcp,ldap,Exploits,0.4159,FIN,3633,LOGGED(PCAP_ANALYSIS),,0
2026-03-01 01:26:31,10.2.28.88,10.2.28.2,53285,389,tcp,ldap,Exploits,0.3692,RST,2949,LOGGED(PCAP_ANALYSIS),,0
2026-03-01 01:26:31,10.2.28.88,40.126.29.15,53286,443,tcp,ssl,Exploits,0.4431,RST,1923,LOGGED(PCAP_ANALYSIS),,0
2026-03-01 01:26:31,10.2.28.88,10.2.28.2,65020,53,udp,dns,Exploits,0.4067,CON,78,LOGGED(PCAP_ANALYSIS),,0
2026-03-01 01:26:31,10.2.28.88,10.2.28.2,50200,53,udp,dns,Exploits,0.38,CON,78,LOGGED(PCAP_ANALYSIS),,0
2026-03-01 01:26:31,10.2.28.88,150.171.28.11,61857,443,tcp,ssl,Exploits,0.4384,CON,10181,LOGGED(PCAP_ANALYSIS),,0
2026-03-01 01:26:31,10.2.28.88,10.2.28.2,61456,53,udp,dns,Exploits,0.4267,CON,75,LOGGED(PCAP_ANALYSIS),,0
2026-03-01 01:26:31,10.2.28.88,10.2.28.2,61201,53,udp,dns,Exploits,0.42,CON,75,LOGGED(PCAP_ANALYSIS),,0
2026-03-01 01:26:31,10.2.28.88,52.110.6.48,61858,443,tcp,ssl,Exploits,0.4926,CON,1858,LOGGED(PCAP_ANALYSIS),,0
2026-03-01 01:26:31,10.2.28.88,23.192.223.17,57770,443,tcp,ssl,Exploits,0.4375,CON,2369,LOGGED(PCAP_ANALYSIS),,0
2026-03-01 01:26:31,10.2.28.88,23.192.223.17,56615,443,tcp,ssl,Exploits,0.4333,CON,2273,LOGGED(PCAP_ANALYSIS),,0
2026-03-01 01:26:44,10.2.28.88,10.2.28.2,64376,53,udp,dns,Exploits,0.4133,CON,71,LOGGED(PCAP_ANALYSIS),,0
2026-03-01 01:26:44,10.2.28.88,10.2.28.2,52230,53,udp,dns,Exploits,0.4267,CON,71,LOGGED(PCAP_ANALYSIS),,0
2026-03-01 01:26:44,10.2.28.88,23.41.251.53,59264,443,tcp,ssl,Exploits,0.4545,CON,4038,LOGGED(PCAP_ANALYSIS),,0
2026-03-01 01:26:44,10.2.28.88,10.2.28.2,50894,53,udp,dns,Exploits,0.4133,CON,71,LOGGED(PCAP_ANALYSIS),,0
2026-03-01 01:26:44,10.2.28.88,10.2.28.2,59188,53,udp,dns,Exploits,0.4067,CON,71,LOGGED(PCAP_ANALYSIS),,0
2026-03-01 01:26:44,10.2.28.88,10.2.28.2,61744,53,udp,dns,Exploits,0.4178,CON,74,LOGGED(PCAP_ANALYSIS),,0
2026-03-01 01:26:44,10.2.28.88,10.2.28.2,55201,53,udp,dns,Exploits,0.4133,CON,74,LOGGED(PCAP_ANALYSIS),,0
2026-03-01 01:26:44,10.2.28.88,150.171.28.12,65313,443,tcp,ssl,Exploits,0.4679,CON,4190,LOGGED(PCAP_ANALYSIS),,0
2026-03-01 01:26:44,10.2.28.88,23.192.223.16,65128,443,tcp,ssl,Exploits,0.4352,CON,5753,LOGGED(PCAP_ANALYSIS),,0
2026-03-01 01:26:44,10.2.28.88,10.2.28.2,52616,53,udp,dns,Exploits,0.3933,CON,72,LOGGED(PCAP_ANALYSIS),,0
2026-03-01 01:26:44,10.2.28.88,10.2.28.2,50535,53,udp,dns,Exploits,0.42,CON,72,LOGGED(PCAP_ANALYSIS),,0
2026-03-01 01:26:44,10.2.28.88,10.2.28.2,64597,53,udp,dns,Exploits,0.4267,CON,71,LOGGED(PCAP_ANALYSIS),,0
2026-03-01 01:26:44,10.2.28.88,10.2.28.2,65509,53,udp,dns,Exploits,0.4333,CON,71,LOGGED(PCAP_ANALYSIS),,0
2026-03-01 01:26:44,10.2.28.88,204.79.197.203,63539,443,tcp,ssl,Exploits,0.5795,CON,3074,LOGGED(PCAP_ANALYSIS),,0
2026-03-01 01:26:44,10.2.28.88,23.205.110.151,53887,443,udp,ssl,Exploits,0.3856,CON,7209,LOGGED(PCAP_ANALYSIS),,0
2026-03-01 01:26:44,10.2.28.88,150.171.28.12,58372,443,tcp,ssl,Exploits,0.4546,CON,4587,LOGGED(PCAP_ANALYSIS),,0
2026-03-01 01:26:44,10.2.28.88,10.2.28.2,60838,53,udp,dns,Exploits,0.3152,CON,87,LOGGED(PCAP_ANALYSIS),,0
2026-03-01 01:26:44,10.2.28.88,10.2.28.2,49377,53,udp,dns,Exploits,0.3867,CON,87,LOGGED(PCAP_ANALYSIS),,0
2026-03-01 01:26:44,10.2.28.88,23.55.178.219,60964,443,udp,ssl,Exploits,0.4986,CON,3883,LOGGED(PCAP_ANALYSIS),,0
2026-03-01 01:26:44,10.2.28.88,10.2.28.2,54769,53,udp,dns,Exploits,0.516,CON,154,LOGGED(PCAP_ANALYSIS),,0
2026-03-01 01:26:44,10.2.28.88,10.2.28.2,59991,445,tcp,smb,Exploits,0.3153,INT,60,LOGGED(PCAP_ANALYSIS),,0
2026-03-01 01:27:29,10.2.28.88,150.171.27.11,54603,443,tcp,ssl,Exploits,0.3705,FIN,17557,LOGGED(PCAP_ANALYSIS),,0
2026-03-01 01:27:29,10.2.28.88,23.64.147.24,51911,443,tcp,ssl,Backdoors,0.2272,INT,240,LOGGED(PCAP_ANALYSIS),,0
2026-03-01 01:27:29,10.2.28.88,150.171.28.11,58527,443,tcp,ssl,Exploits,0.3295,INT,120,LOGGED(PCAP_ANALYSIS),,0
2026-03-01 01:27:29,10.2.28.88,13.107.246.57,53275,443,tcp,ssl,Exploits,0.3478,INT,120,LOGGED(PCAP_ANALYSIS),,0
2026-03-01 01:27:29,10.2.28.88,10.2.28.2,64122,53,udp,dns,Exploits,0.3133,CON,78,LOGGED(PCAP_ANALYSIS),,0
2026-03-01 01:27:29,10.2.28.88,10.2.28.2,56211,53,udp,dns,Exploits,0.3867,CON,78,LOGGED(PCAP_ANALYSIS),,0
2026-03-01 01:27:29,10.2.28.88,10.2.28.2,51942,53,udp,dns,Exploits,0.3133,CON,78,LOGGED(PCAP_ANALYSIS),,0
2026-03-01 01:27:29,10.2.28.88,10.2.28.2,63746,53,udp,dns,Exploits,0.3867,CON,78,LOGGED(PCAP_ANALYSIS),,0
2026-03-01 01:27:29,10.2.28.88,10.2.28.2,53196,53,udp,dns,Exploits,0.4067,CON,72,LOGGED(PCAP_ANALYSIS),,0
2026-03-01 01:27:29,10.2.28.88,10.2.28.2,49292,53,udp,dns,Exploits,0.4467,CON,72,LOGGED(PCAP_ANALYSIS),,0
2026-03-01 01:27:29,10.2.28.88,10.2.28.2,52040,53,udp,dns,Exploits,0.3067,CON,78,LOGGED(PCAP_ANALYSIS),,0
2026-03-01 01:27:29,10.2.28.88,10.2.28.2,55831,53,udp,dns,Exploits,0.3867,CON,78,LOGGED(PCAP_ANALYSIS),,0
2026-03-01 01:27:29,10.2.28.88,150.171.28.11,59265,443,tcp,ssl,Exploits,0.2563,RST,126,LOGGED(PCAP_ANALYSIS),,0
2026-03-01 01:27:29,10.2.28.88,150.171.28.11,49970,443,tcp,ssl,Exploits,0.2563,RST,126,LOGGED(PCAP_ANALYSIS),,0
2026-03-01 01:27:29,10.2.28.88,52.110.6.37,49972,443,tcp,ssl,Exploits,0.4867,CON,1845,LOGGED(PCAP_ANALYSIS),,0
2026-03-01 01:27:29,10.2.28.88,52.110.6.37,49971,443,tcp,ssl,Exploits,0.4693,CON,1905,LOGGED(PCAP_ANALYSIS),,0
2026-03-01 01:27:29,10.2.28.88,150.171.28.11,54619,443,tcp,ssl,Exploits,0.2831,CON,5171,LOGGED(PCAP_ANALYSIS),,0
2026-03-01 01:27:29,10.2.28.88,10.2.28.2,63072,53,udp,dns,Exploits,0.4067,CON,72,LOGGED(PCAP_ANALYSIS),,0
2026-03-01 01:27:29,10.2.28.88,10.2.28.2,50667,53,udp,dns,Exploits,0.3467,CON,72,LOGGED(PCAP_ANALYSIS),,0
2026-03-01 01:27:29,10.2.28.88,45.131.214.85,51912,443,tcp,ssl,Exploits,0.2759,INT,286,LOGGED(PCAP_ANALYSIS),,0
2026-03-01 01:27:29,10.2.28.88,204.79.197.203,63539,443,tcp,ssl,Exploits,0.3856,INT,60,LOGGED(PCAP_ANALYSIS),,0
2026-03-01 01:27:29,10.2.28.88,150.171.28.12,65313,443,tcp,ssl,Exploits,0.36,INT,120,LOGGED(PCAP_ANALYSIS),,0
2026-03-01 01:27:29,10.2.28.88,23.192.223.16,65128,443,tcp,ssl,Exploits,0.4265,INT,180,LOGGED(PCAP_ANALYSIS),,0
2026-03-01 01:27:29,10.2.28.88,150.171.28.12,58372,443,tcp,ssl,Exploits,0.3638,INT,120,LOGGED(PCAP_ANALYSIS),,0
2026-03-01 01:27:29,10.2.28.88,23.41.251.53,59264,443,tcp,ssl,Exploits,0.3977,INT,180,LOGGED(PCAP_ANALYSIS),,0
2026-03-01 01:27:29,10.2.28.88,150.171.28.11,61857,443,tcp,ssl,Exploits,0.2882,INT,60,LOGGED(PCAP_ANALYSIS),,0
2026-03-01 01:27:29,10.2.28.88,104.208.203.89,52375,443,tcp,ssl,Exploits,0.4673,CON,3055,LOGGED(PCAP_ANALYSIS),,0
2026-03-01 01:27:29,10.2.28.88,10.2.28.2,52764,53,udp,dns,Exploits,0.4111,CON,94,LOGGED(PCAP_ANALYSIS),,0
2026-03-01 01:27:29,10.2.28.88,10.2.28.2,55347,53,udp,dns,Exploits,0.4267,CON,94,LOGGED(PCAP_ANALYSIS),,0
2026-03-01 01:27:29,10.2.28.88,13.107.213.57,52776,443,tcp,ssl,Exploits,0.4724,CON,3725,LOGGED(PCAP_ANALYSIS),,0
2026-03-01 01:27:29,10.2.28.88,23.192.223.23,58787,443,tcp,ssl,Exploits,0.2734,INT,180,LOGGED(PCAP_ANALYSIS),,0
2026-03-01 01:27:29,10.2.28.88,23.41.251.53,58784,443,tcp,ssl,Exploits,0.3686,INT,180,LOGGED(PCAP_ANALYSIS),,0
2026-03-01 01:27:29,10.2.28.88,23.192.223.17,60000,443,tcp,ssl,Exploits,0.3451,INT,180,LOGGED(PCAP_ANALYSIS),,0
2026-03-01 01:27:29,10.2.28.88,13.89.179.8,60962,443,tcp,ssl,Exploits,0.219,INT,120,LOGGED(PCAP_ANALYSIS),,0
2026-03-01 01:27:29,10.2.28.88,23.218.232.170,58790,443,tcp,ssl,Exploits,0.2867,INT,180,LOGGED(PCAP_ANALYSIS),,0
2026-03-01 01:27:29,10.2.28.88,52.110.6.19,58788,443,tcp,ssl,Exploits,0.297,INT,120,LOGGED(PCAP_ANALYSIS),,0
2026-03-01 01:27:29,10.2.28.88,184.29.31.84,58792,443,tcp,ssl,Exploits,0.3616,INT,180,LOGGED(PCAP_ANALYSIS),,0
2026-03-01 01:27:29,10.2.28.88,184.29.31.84,58791,443,tcp,ssl,Exploits,0.365,INT,180,LOGGED(PCAP_ANALYSIS),,0
2026-03-01 01:30:37,10.2.28.88,10.2.28.2,0,0,icmp,-,Fuzzers,0.2423,INT,972,LOGGED(PCAP_ANALYSIS),,0
2026-03-01 01:30:37,10.2.28.88,23.205.110.145,52374,443,tcp,ssl,Exploits,0.3259,FIN,3422,LOGGED(PCAP_ANALYSIS),,0
2026-03-01 01:30:37,10.2.28.88,10.2.28.2,49745,53,udp,dns,Exploits,0.3599,CON,332,LOGGED(PCAP_ANALYSIS),,0
2026-03-01 01:30:37,10.2.28.88,20.42.65.94,52777,443,tcp,ssl,Exploits,0.4746,FIN,18405,LOGGED(PCAP_ANALYSIS),,0
2026-03-01 01:30:37,10.2.28.2,10.2.28.88,445,59991,tcp,smb,Exploits,0.3708,INT,514,LOGGED(PCAP_ANALYSIS),,0
2026-03-01 01:30:37,10.2.28.88,10.2.28.2,65471,53,udp,dns,Exploits,0.3355,CON,381,LOGGED(PCAP_ANALYSIS),,0
2026-03-01 01:30:37,10.2.28.88,13.107.213.57,52776,443,tcp,ssl,Exploits,0.3863,INT,300,LOGGED(PCAP_ANALYSIS),,0
2026-03-01 01:30:37,20.96.153.111,10.2.28.88,443,51916,tcp,ssl,DoS,0.25,INT,60,LOGGED(PCAP_ANALYSIS),,0
2026-03-01 01:30:37,10.2.28.88,52.110.6.48,61858,443,tcp,ssl,Exploits,0.3678,INT,120,LOGGED(PCAP_ANALYSIS),,0
2026-03-01 01:30:37,10.2.28.88,52.110.6.37,49972,443,tcp,ssl,Exploits,0.2839,INT,120,LOGGED(PCAP_ANALYSIS),,0
2026-03-01 01:30:37,10.2.28.88,52.110.6.37,49971,443,tcp,ssl,Exploits,0.2839,INT,120,LOGGED(PCAP_ANALYSIS),,0
2026-03-01 01:30:37,10.2.28.88,104.208.203.89,59984,443,tcp,ssl,Exploits,0.3637,INT,60,LOGGED(PCAP_ANALYSIS),,0
2026-03-01 01:30:37,10.2.28.88,10.2.28.2,59343,389,tcp,ldap,Exploits,0.4563,FIN,3119,LOGGED(PCAP_ANALYSIS),,0
2026-03-01 01:30:37,10.2.28.88,10.2.28.2,59344,389,tcp,ldap,Exploits,0.4529,FIN,2661,LOGGED(PCAP_ANALYSIS),,0
2026-03-01 01:37:30,10.2.28.2,10.2.28.88,137,137,udp,-,DoS,0.352,INT,208,LOGGED(PCAP_ANALYSIS),,0
2026-03-01 01:37:30,10.2.28.2,10.2.28.88,445,59991,tcp,smb,Exploits,0.4628,INT,240,LOGGED(PCAP_ANALYSIS),,0
2026-03-01 01:37:30,10.2.28.88,104.208.203.89,52375,443,tcp,ssl,Exploits,0.3262,INT,120,LOGGED(PCAP_ANALYSIS),,0
2026-03-01 01:37:30,10.2.28.88,104.208.203.89,59984,443,tcp,ssl,Exploits,0.3164,INT,60,LOGGED(PCAP_ANALYSIS),,0
2026-03-01 01:37:30,10.2.28.88,10.2.28.2,65471,53,udp,dns,Exploits,0.51,CON,148,LOGGED(PCAP_ANALYSIS),,0
2026-03-01 01:37:30,10.2.28.88,52.123.246.74,59345,443,tcp,ssl,Exploits,0.3481,RST,1380,LOGGED(PCAP_ANALYSIS),,0
2026-03-01 01:37:30,10.2.28.88,10.2.28.2,54769,53,udp,dns,Exploits,0.5493,CON,154,LOGGED(PCAP_ANALYSIS),,0
2026-03-01 01:37:30,10.2.28.88,10.2.28.2,55928,53,udp,dns,Exploits,0.3379,CON,310,LOGGED(PCAP_ANALYSIS),,0
2026-03-01 01:37:30,10.2.28.88,23.218.232.161,59346,80,tcp,http,Exploits,0.3271,CON,598,LOGGED(PCAP_ANALYSIS),,0
2026-03-01 01:40:25,10.2.28.88,10.2.28.2,54777,53,udp,dns,Exploits,0.3358,CON,304,LOGGED(PCAP_ANALYSIS),,0
2026-03-01 01:40:25,10.2.28.88,10.2.28.2,59350,445,tcp,smb,Exploits,0.4529,RST,6999,LOGGED(PCAP_ANALYSIS),,0
2026-03-01 01:40:25,10.2.28.88,10.2.28.2,59351,135,tcp,-,Exploits,0.3461,FIN,742,LOGGED(PCAP_ANALYSIS),,0
2026-03-01 01:40:25,10.2.28.88,10.2.28.2,59352,49671,tcp,-,Exploits,0.3003,FIN,1448,LOGGED(PCAP_ANALYSIS),,0
2026-03-01 01:40:25,10.2.28.88,23.60.174.202,59353,443,tcp,ssl,Exploits,0.4045,FIN,2749,LOGGED(PCAP_ANALYSIS),,0
2026-03-01 01:40:25,10.2.28.88,23.218.232.161,59346,80,tcp,http,Fuzzers,0.2964,INT,60,LOGGED(PCAP_ANALYSIS),,0
2026-03-01 01:40:25,10.2.28.88,104.208.203.89,59984,443,tcp,ssl,Exploits,0.3171,INT,60,LOGGED(PCAP_ANALYSIS),,0
2026-03-01 01:40:25,10.2.28.2,10.2.28.88,445,59991,tcp,smb,Exploits,0.3294,INT,514,LOGGED(PCAP_ANALYSIS),,0
2026-03-01 01:40:25,10.2.28.88,104.208.203.89,52375,443,tcp,ssl,Exploits,0.2879,INT,60,LOGGED(PCAP_ANALYSIS),,0
2026-03-01 01:44:42,10.2.28.88,10.2.28.2,59880,53,udp,dns,Exploits,0.3244,CON,324,LOGGED(PCAP_ANALYSIS),,0
2026-03-01 01:44:42,10.2.28.88,10.2.28.2,59354,445,tcp,smb,Exploits,0.4462,RST,5530,LOGGED(PCAP_ANALYSIS),,0
2026-03-01 01:44:42,10.2.28.88,10.2.28.2,59355,135,tcp,-,Exploits,0.335,RST,904,LOGGED(PCAP_ANALYSIS),,0
2026-03-01 01:44:42,10.2.28.88,10.2.28.2,59356,49671,tcp,-,Exploits,0.4084,RST,4398,LOGGED(PCAP_ANALYSIS),,0
2026-03-01 01:44:42,10.2.28.88,10.2.28.2,59357,389,tcp,ldap,Exploits,0.4313,FIN,3633,LOGGED(PCAP_ANALYSIS),,0
2026-03-01 01:44:42,10.2.28.88,10.2.28.2,59358,389,tcp,ldap,Exploits,0.4262,RST,2949,LOGGED(PCAP_ANALYSIS),,0
2026-03-01 01:44:42,10.2.28.88,20.190.135.4,59359,443,tcp,ssl,Exploits,0.5152,RST,2043,LOGGED(PCAP_ANALYSIS),,0
2026-03-01 01:44:42,10.2.28.88,10.2.28.2,59982,53,udp,dns,Exploits,0.4692,CON,182,LOGGED(PCAP_ANALYSIS),,0
2026-03-01 01:44:42,10.2.28.88,52.167.17.97,59360,443,tcp,ssl,Exploits,0.4956,FIN,2765,LOGGED(PCAP_ANALYSIS),,0
2026-03-01 01:44:42,10.2.28.2,10.2.28.88,445,59991,tcp,smb,Exploits,0.3973,INT,120,LOGGED(PCAP_ANALYSIS),,0
2026-03-01 01:44:42,10.2.28.2,10.2.28.88,137,137,udp,-,DoS,0.2416,INT,104,LOGGED(PCAP_ANALYSIS),,0
2026-03-01 01:44:42,10.2.28.88,104.208.203.89,59984,443,tcp,ssl,Exploits,0.3312,INT,213,LOGGED(PCAP_ANALYSIS),,0
2026-03-01 01:44:42,10.2.28.88,10.2.28.2,55528,53,udp,dns,Exploits,0.4559,CON,182,LOGGED(PCAP_ANALYSIS),,0
2026-03-01 01:44:42,10.2.28.88,52.185.211.133,59362,443,tcp,ssl,Exploits,0.4208,FIN,3345,LOGGED(PCAP_ANALYSIS),,0
2026-03-01 01:44:42,10.2.28.88,52.185.211.133,59363,443,tcp,ssl,Exploits,0.4418,FIN,2038,LOGGED(PCAP_ANALYSIS),,0
2026-03-01 01:44:42,10.2.28.88,10.2.28.2,60890,53,udp,dns,Exploits,0.4892,CON,178,LOGGED(PCAP_ANALYSIS),,0
2026-03-01 01:44:42,10.2.28.88,20.42.65.88,59364,443,tcp,ssl,Exploits,0.4229,FIN,1197,LOGGED(PCAP_ANALYSIS),,0
2026-03-01 01:44:42,10.2.28.88,10.2.28.2,123,123,udp,ntp,Exploits,0.4514,CON,162,LOGGED(PCAP_ANALYSIS),,0
2026-03-01 01:44:42,10.2.28.88,104.208.203.89,52375,443,tcp,ssl,Exploits,0.3171,INT,60,LOGGED(PCAP_ANALYSIS),,0
2026-03-01 01:47:56,10.2.28.88,20.42.65.88,59365,443,tcp,ssl,Exploits,0.2833,FIN,1229,LOGGED(PCAP_ANALYSIS),,0
2026-03-01 01:47:56,10.2.28.2,10.2.28.88,445,59991,tcp,smb,Exploits,0.3815,INT,120,LOGGED(PCAP_ANALYSIS),,0
2026-03-01 01:47:56,10.2.28.88,104.208.203.89,59984,443,tcp,ssl,Exploits,0.3038,INT,60,LOGGED(PCAP_ANALYSIS),,0
2026-03-01 01:47:56,10.2.28.88,10.2.28.2,59366,135,tcp,-,Exploits,0.3532,RST,904,LOGGED(PCAP_ANALYSIS),,0
2026-03-01 01:47:56,10.2.28.88,10.2.28.2,59367,49671,tcp,-,Exploits,0.4338,RST,4398,LOGGED(PCAP_ANALYSIS),,0
2026-03-01 01:47:56,10.2.28.88,10.2.28.2,59368,389,tcp,ldap,Exploits,0.443,FIN,3633,LOGGED(PCAP_ANALYSIS),,0
2026-03-01 01:47:56,10.2.28.88,10.2.28.2,59369,389,tcp,ldap,Exploits,0.403,FIN,3009,LOGGED(PCAP_ANALYSIS),,0
2026-03-01 01:47:56,10.2.28.88,10.2.28.2,50834,53,udp,dns,Exploits,0.4767,CON,170,LOGGED(PCAP_ANALYSIS),,0
2026-03-01 01:47:56,10.2.28.88,20.190.135.16,59370,443,tcp,ssl,Exploits,0.5134,RST,1983,LOGGED(PCAP_ANALYSIS),,0
2026-03-01 01:47:56,10.2.28.2,10.2.28.88,137,137,udp,-,Generic,0.2485,INT,104,LOGGED(PCAP_ANALYSIS),,0
2026-03-01 01:47:56,10.2.28.88,10.2.28.2,54769,53,udp,dns,Exploits,0.5293,CON,154,LOGGED(PCAP_ANALYSIS),,0
2026-03-01 01:47:56,10.2.28.88,10.2.28.2,51228,53,udp,dns,Exploits,0.48,CON,154,LOGGED(PCAP_ANALYSIS),,0
2026-03-01 01:47:56,10.2.28.88,104.208.203.89,52375,443,tcp,ssl,Exploits,0.2971,INT,60,LOGGED(PCAP_ANALYSIS),,0
2026-03-01 01:48:28,10.2.28.88,23.192.223.23,59371,443,tcp,ssl,Exploits,0.4777,CON,7176,LOGGED(PCAP_ANALYSIS),,0
2026-03-01 01:48:28,10.2.28.88,10.2.28.2,65152,53,udp,dns,Exploits,0.4067,CON,79,LOGGED(PCAP_ANALYSIS),,0
2026-03-01 01:48:28,10.2.28.88,10.2.28.2,56784,53,udp,dns,Exploits,0.4,CON,79,LOGGED(PCAP_ANALYSIS),,0
2026-03-01 01:48:28,10.2.28.88,10.2.28.2,51228,53,udp,dns,Exploits,0.5293,CON,154,LOGGED(PCAP_ANALYSIS),,0
2026-03-01 01:48:28,10.2.28.88,10.2.28.2,61134,53,udp,dns,Exploits,0.4,CON,78,LOGGED(PCAP_ANALYSIS),,0
2026-03-01 01:48:28,10.2.28.88,10.2.28.2,53775,53,udp,dns,Exploits,0.38,CON,78,LOGGED(PCAP_ANALYSIS),,0
2026-03-01 01:48:28,10.2.28.88,10.2.28.2,60455,53,udp,dns,Exploits,0.3536,CON,281,LOGGED(PCAP_ANALYSIS),,0
2026-03-01 01:48:28,10.2.28.88,10.2.28.2,49395,53,udp,dns,Exploits,0.4133,CON,71,LOGGED(PCAP_ANALYSIS),,0
2026-03-01 01:48:28,10.2.28.88,10.2.28.2,62297,53,udp,dns,Exploits,0.4267,CON,71,LOGGED(PCAP_ANALYSIS),,0
2026-03-01 01:48:28,10.2.28.88,10.2.28.2,65484,53,udp,dns,Exploits,0.4178,CON,75,LOGGED(PCAP_ANALYSIS),,0
2026-03-01 01:48:28,10.2.28.88,10.2.28.2,62464,53,udp,dns,Exploits,0.42,CON,75,LOGGED(PCAP_ANALYSIS),,0
2026-03-01 01:48:28,10.2.28.88,10.2.28.2,64080,53,udp,dns,Exploits,0.3933,CON,78,LOGGED(PCAP_ANALYSIS),,0
2026-03-01 01:48:28,10.2.28.88,10.2.28.2,63786,53,udp,dns,Exploits,0.4,CON,78,LOGGED(PCAP_ANALYSIS),,0
2026-03-01 01:48:28,10.2.28.88,10.2.28.2,65505,53,udp,dns,Exploits,0.42,CON,71,LOGGED(PCAP_ANALYSIS),,0
2026-03-01 01:48:28,10.2.28.88,10.2.28.2,63174,53,udp,dns,Exploits,0.42,CON,71,LOGGED(PCAP_ANALYSIS),,0
2026-03-01 01:48:28,10.2.28.88,10.2.28.2,57716,53,udp,dns,Exploits,0.4244,CON,74,LOGGED(PCAP_ANALYSIS),,0
2026-03-01 01:48:28,10.2.28.88,10.2.28.2,65521,53,udp,dns,Exploits,0.4267,CON,74,LOGGED(PCAP_ANALYSIS),,0
2026-03-01 01:48:28,10.2.28.88,10.2.28.2,64879,53,udp,dns,Exploits,0.4,CON,72,LOGGED(PCAP_ANALYSIS),,0
2026-03-01 01:48:28,10.2.28.88,10.2.28.2,60395,53,udp,dns,Exploits,0.4133,CON,72,LOGGED(PCAP_ANALYSIS),,0
2026-03-01 01:48:28,10.2.28.88,10.2.28.2,57959,53,udp,dns,Exploits,0.3933,CON,71,LOGGED(PCAP_ANALYSIS),,0
2026-03-01 01:48:28,10.2.28.88,10.2.28.2,64214,53,udp,dns,Exploits,0.4467,CON,71,LOGGED(PCAP_ANALYSIS),,0
2026-03-01 01:48:28,10.2.28.88,10.2.28.2,52269,53,udp,dns,Exploits,0.3867,CON,72,LOGGED(PCAP_ANALYSIS),,0
2026-03-01 01:48:28,10.2.28.88,10.2.28.2,57702,53,udp,dns,Exploits,0.44,CON,72,LOGGED(PCAP_ANALYSIS),,0
2026-03-01 01:48:28,10.2.28.88,23.205.110.140,54763,443,udp,ssl,Exploits,0.3381,CON,4261,LOGGED(PCAP_ANALYSIS),,0
2026-03-01 01:48:28,10.2.28.88,23.205.110.136,52124,443,udp,ssl,Exploits,0.3743,CON,9161,LOGGED(PCAP_ANALYSIS),,0
2026-03-01 01:48:28,10.2.28.88,10.2.28.2,54522,135,tcp,-,Exploits,0.3008,FIN,742,LOGGED(PCAP_ANALYSIS),,0
2026-03-01 01:48:28,10.2.28.88,10.2.28.2,54523,49671,tcp,-,Exploits,0.2866,FIN,1448,LOGGED(PCAP_ANALYSIS),,0
2026-03-01 01:48:28,10.2.28.88,23.218.232.142,54524,80,tcp,http,Exploits,0.3612,CON,591,LOGGED(PCAP_ANALYSIS),,0
2026-03-01 01:48:28,10.2.28.88,23.218.232.142,54525,80,tcp,http,Generic,0.2709,CON,1203,LOGGED(PCAP_ANALYSIS),,0
2026-03-01 01:48:28,10.2.28.88,23.218.232.142,54526,80,tcp,http,Exploits,0.3545,CON,593,LOGGED(PCAP_ANALYSIS),,0
2026-03-01 01:48:28,10.2.28.88,23.218.232.142,54527,80,tcp,http,Exploits,0.3173,CON,1327,LOGGED(PCAP_ANALYSIS),,0
2026-03-01 01:49:01,10.2.28.88,23.218.232.156,61382,443,tcp,ssl,Exploits,0.2974,FIN,4145,LOGGED(PCAP_ANALYSIS),,0
2026-03-01 01:49:01,10.2.28.88,150.171.28.11,60551,443,tcp,ssl,Exploits,0.3811,FIN,13096,LOGGED(PCAP_ANALYSIS),,0
2026-03-01 01:49:01,10.2.28.88,23.41.251.53,59068,443,tcp,ssl,Exploits,0.3562,FIN,4246,LOGGED(PCAP_ANALYSIS),,0
2026-03-01 01:49:01,10.2.28.88,23.192.223.5,56734,443,tcp,ssl,Exploits,0.3102,FIN,2849,LOGGED(PCAP_ANALYSIS),,0
2026-03-01 01:49:01,10.2.28.88,23.192.223.16,53659,443,tcp,ssl,Exploits,0.3286,FIN,3527,LOGGED(PCAP_ANALYSIS),,0
2026-03-01 01:49:01,10.2.28.88,150.171.27.12,59344,443,tcp,ssl,Exploits,0.3364,FIN,4342,LOGGED(PCAP_ANALYSIS),,0
2026-03-01 01:49:01,10.2.28.88,204.79.197.203,63750,443,tcp,ssl,DoS,0.3325,FIN,3198,LOGGED(PCAP_ANALYSIS),,0
2026-03-01 01:49:01,10.2.28.88,150.171.27.12,54520,443,tcp,ssl,Exploits,0.3215,FIN,4698,LOGGED(PCAP_ANALYSIS),,0
2026-03-01 01:49:01,10.2.28.2,10.2.28.88,49671,59575,tcp,-,Exploits,0.3844,INT,60,LOGGED(PCAP_ANALYSIS),,0
2026-03-01 01:49:01,10.2.28.2,10.2.28.88,135,59563,tcp,-,Exploits,0.3854,INT,60,LOGGED(PCAP_ANALYSIS),,0
2026-03-01 01:49:01,10.2.28.2,10.2.28.88,49671,59564,tcp,-,Exploits,0.3911,INT,60,LOGGED(PCAP_ANALYSIS),,0
2026-03-01 01:49:01,10.2.28.88,10.2.28.2,54528,135,tcp,-,Exploits,0.3364,RST,904,LOGGED(PCAP_ANALYSIS),,0
2026-03-01 01:49:01,10.2.28.88,10.2.28.2,54529,49671,tcp,-,Exploits,0.4247,RST,4398,LOGGED(PCAP_ANALYSIS),,0
2026-03-01 01:49:01,10.2.28.88,10.2.28.2,54530,389,tcp,ldap,Exploits,0.443,FIN,3633,LOGGED(PCAP_ANALYSIS),,0
2026-03-01 01:49:01,10.2.28.88,10.2.28.2,54531,389,tcp,ldap,Exploits,0.403,FIN,3009,LOGGED(PCAP_ANALYSIS),,0
2026-03-01 01:49:01,10.2.28.88,10.2.28.2,51228,53,udp,dns,Exploits,0.5167,CON,170,LOGGED(PCAP_ANALYSIS),,0
2026-03-01 01:49:01,10.2.28.88,40.126.28.13,54532,443,tcp,ssl,Exploits,0.4386,RST,1864,LOGGED(PCAP_ANALYSIS),,0
2026-03-01 01:49:01,10.2.28.88,10.2.28.2,50457,53,udp,dns,Exploits,0.4292,CON,182,LOGGED(PCAP_ANALYSIS),,0
2026-03-01 01:49:01,10.2.28.88,20.106.86.13,54533,443,tcp,ssl,Exploits,0.5085,FIN,2038,LOGGED(PCAP_ANALYSIS),,0
2026-03-01 01:49:01,10.2.28.88,20.42.65.88,54534,443,tcp,ssl,Exploits,0.4606,FIN,1229,LOGGED(PCAP_ANALYSIS),,0
2026-03-01 01:53:25,10.2.28.2,10.2.28.88,445,59991,tcp,smb,Exploits,0.3344,INT,634,LOGGED(PCAP_ANALYSIS),,0
2026-03-01 01:53:25,10.2.28.88,51.116.246.106,54535,443,tcp,ssl,Exploits,0.3256,FIN,2401,LOGGED(PCAP_ANALYSIS),,0
2026-03-01 01:53:25,10.2.28.88,23.204.150.28,54536,80,tcp,http,Exploits,0.2627,FIN,604,LOGGED(PCAP_ANALYSIS),,0
2026-03-01 01:53:25,10.2.28.88,104.208.203.89,59984,443,tcp,ssl,Exploits,0.2838,INT,60,LOGGED(PCAP_ANALYSIS),,0
2026-03-01 01:53:25,10.2.28.88,23.192.223.23,59371,443,tcp,ssl,Exploits,0.4198,INT,180,LOGGED(PCAP_ANALYSIS),,0
2026-03-01 01:53:25,10.2.28.88,23.218.232.142,54524,80,tcp,http,Exploits,0.2382,INT,120,LOGGED(PCAP_ANALYSIS),,0
2026-03-01 01:53:25,10.2.28.88,23.218.232.142,54525,80,tcp,http,Exploits,0.2249,INT,120,LOGGED(PCAP_ANALYSIS),,0
2026-03-01 01:53:25,10.2.28.88,23.218.232.142,54526,80,tcp,http,Exploits,0.2382,INT,120,LOGGED(PCAP_ANALYSIS),,0
2026-03-01 01:53:25,10.2.28.88,104.208.203.89,52375,443,tcp,ssl,Exploits,0.3534,INT,213,LOGGED(PCAP_ANALYSIS),,0
2026-03-01 01:53:25,10.2.28.2,10.2.28.88,137,137,udp,-,Generic,0.2222,INT,104,LOGGED(PCAP_ANALYSIS),,0
2026-03-01 02:02:39,10.2.28.88,10.2.28.2,62908,53,udp,dns,Exploits,0.3266,CON,339,LOGGED(PCAP_ANALYSIS),,0
2026-03-01 02:02:39,10.2.28.88,10.2.28.2,54537,135,tcp,-,Exploits,0.3075,FIN,742,LOGGED(PCAP_ANALYSIS),,0
2026-03-01 02:02:39,10.2.28.88,10.2.28.2,54538,49671,tcp,-,Exploits,0.312,FIN,4092,LOGGED(PCAP_ANALYSIS),,0
2026-03-01 02:02:39,10.2.28.88,10.2.28.2,54539,135,tcp,-,Exploits,0.3737,RST,904,LOGGED(PCAP_ANALYSIS),,0
2026-03-01 02:02:39,10.2.28.88,10.2.28.2,54540,49671,tcp,-,Exploits,0.44,RST,4398,LOGGED(PCAP_ANALYSIS),,0
2026-03-01 02:02:39,10.2.28.88,10.2.28.2,54541,389,tcp,ldap,Exploits,0.443,FIN,3633,LOGGED(PCAP_ANALYSIS),,0
2026-03-01 02:02:39,10.2.28.88,10.2.28.2,54542,389,tcp,ldap,Exploits,0.3896,FIN,3009,LOGGED(PCAP_ANALYSIS),,0
2026-03-01 02:02:39,10.2.28.88,40.126.29.10,54543,443,tcp,ssl,Exploits,0.5201,RST,2043,LOGGED(PCAP_ANALYSIS),,0
2026-03-01 02:02:39,10.2.28.88,104.208.203.89,59984,443,tcp,ssl,Exploits,0.2946,INT,333,LOGGED(PCAP_ANALYSIS),,0
2026-03-01 02:02:39,10.2.28.88,104.208.203.89,52375,443,tcp,ssl,Exploits,0.305,INT,180,LOGGED(PCAP_ANALYSIS),,0
2026-03-01 02:02:39,10.2.28.2,10.2.28.88,445,59991,tcp,smb,Exploits,0.3557,INT,694,LOGGED(PCAP_ANALYSIS),,0
2026-03-01 02:02:39,10.2.28.88,10.2.28.2,54544,445,tcp,smb,Exploits,0.4682,RST,5530,LOGGED(PCAP_ANALYSIS),,0
2026-03-01 02:02:39,10.2.28.88,10.2.28.2,54749,53,udp,dns,Exploits,0.4559,CON,180,LOGGED(PCAP_ANALYSIS),,0
2026-03-01 02:02:39,10.2.28.88,51.105.71.136,54545,443,tcp,ssl,Exploits,0.3256,FIN,2402,LOGGED(PCAP_ANALYSIS),,0
2026-03-01 02:02:39,10.2.28.2,10.2.28.88,137,137,udp,-,Fuzzers,0.319,INT,208,LOGGED(PCAP_ANALYSIS),,0
2026-03-01 02:02:39,10.2.28.88,10.2.28.2,54769,53,udp,dns,Exploits,0.5227,CON,154,LOGGED(PCAP_ANALYSIS),,0
2026-03-01 02:02:39,10.2.28.88,10.2.28.2,63035,53,udp,dns,Exploits,0.3311,CON,302,LOGGED(PCAP_ANALYSIS),,0
2026-03-01 02:02:39,10.2.28.88,10.2.28.2,123,123,udp,ntp,Exploits,0.4514,CON,162,LOGGED(PCAP_ANALYSIS),,0
2026-03-01 02:02:39,10.2.28.88,52.123.250.16,54546,443,tcp,ssl,Exploits,0.332,CON,2827,LOGGED(PCAP_ANALYSIS),,0
2026-03-01 02:03:36,10.2.28.88,10.2.28.2,63084,389,udp,ldap,Exploits,0.4142,CON,232,LOGGED(PCAP_ANALYSIS),,0
2026-03-01 02:03:36,10.2.28.88,10.2.28.2,54547,135,tcp,-,Exploits,0.4233,RST,904,LOGGED(PCAP_ANALYSIS),,0
2026-03-01 02:03:36,10.2.28.88,10.2.28.2,54548,49671,tcp,-,Exploits,0.4479,RST,4484,LOGGED(PCAP_ANALYSIS),,0
2026-03-01 02:03:36,10.2.28.88,10.2.28.2,63086,389,udp,ldap,Exploits,0.4142,CON,232,LOGGED(PCAP_ANALYSIS),,0
2026-03-01 02:03:36,10.2.28.88,10.2.28.2,54549,389,tcp,ldap,Exploits,0.4344,FIN,3719,LOGGED(PCAP_ANALYSIS),,0
2026-03-01 02:03:36,10.2.28.88,10.2.28.2,54550,389,tcp,ldap,Exploits,0.3811,FIN,3095,LOGGED(PCAP_ANALYSIS),,0
2026-03-01 02:03:36,10.2.28.2,10.2.28.88,445,59991,tcp,smb,Exploits,0.427,INT,60,LOGGED(PCAP_ANALYSIS),,0
2026-03-01 02:03:36,10.2.28.88,52.123.250.16,54546,443,tcp,ssl,Exploits,0.3067,INT,120,LOGGED(PCAP_ANALYSIS),,0
2026-03-01 02:03:36,10.2.28.88,52.123.250.16,54551,443,tcp,ssl,Exploits,0.4593,CON,2215,LOGGED(PCAP_ANALYSIS),,0
2026-03-01 02:07:18,10.2.28.88,10.2.28.2,63083,53,udp,dns,Exploits,0.3358,CON,304,LOGGED(PCAP_ANALYSIS),,0
2026-03-01 02:07:18,10.2.28.88,20.189.173.2,54552,443,tcp,ssl,Exploits,0.4118,FIN,9925,LOGGED(PCAP_ANALYSIS),,0
2026-03-01 02:07:18,10.2.28.88,10.2.28.2,54553,135,tcp,-,Exploits,0.2884,FIN,742,LOGGED(PCAP_ANALYSIS),,0
2026-03-01 02:07:18,10.2.28.88,10.2.28.2,54554,49671,tcp,-,Exploits,0.2969,FIN,4280,LOGGED(PCAP_ANALYSIS),,0
2026-03-01 02:07:18,10.2.28.88,10.2.28.2,54555,135,tcp,-,Exploits,0.4133,RST,904,LOGGED(PCAP_ANALYSIS),,0
2026-03-01 02:07:18,10.2.28.88,10.2.28.2,54556,49671,tcp,-,Exploits,0.4502,RST,4398,LOGGED(PCAP_ANALYSIS),,0
2026-03-01 02:07:18,10.2.28.88,10.2.28.2,54557,389,tcp,ldap,Exploits,0.4159,FIN,3633,LOGGED(PCAP_ANALYSIS),,0
2026-03-01 02:07:18,10.2.28.88,10.2.28.2,54558,389,tcp,ldap,Exploits,0.3559,FIN,3009,LOGGED(PCAP_ANALYSIS),,0
2026-03-01 02:07:18,10.2.28.88,20.190.157.9,54559,443,tcp,ssl,Exploits,0.5083,RST,1983,LOGGED(PCAP_ANALYSIS),,0
2026-03-01 02:07:18,10.2.28.2,10.2.28.88,445,59991,tcp,smb,Exploits,0.39,INT,120,LOGGED(PCAP_ANALYSIS),,0
2026-03-01 02:07:18,10.2.28.88,52.123.250.16,54551,443,tcp,ssl,Exploits,0.2839,INT,120,LOGGED(PCAP_ANALYSIS),,0
2026-03-01 02:07:18,10.2.28.88,104.208.203.89,59984,443,tcp,ssl,Exploits,0.3171,INT,60,LOGGED(PCAP_ANALYSIS),,0
2026-03-01 02:07:18,10.2.28.88,10.2.28.2,54769,53,udp,dns,Exploits,0.5427,CON,154,LOGGED(PCAP_ANALYSIS),,0
2026-03-01 02:07:18,10.2.28.88,104.208.203.89,52375,443,tcp,ssl,Exploits,0.3105,INT,60,LOGGED(PCAP_ANALYSIS),,0
2026-03-01 02:07:18,10.2.28.2,10.2.28.88,137,137,udp,-,Generic,0.2421,INT,104,LOGGED(PCAP_ANALYSIS),,0
2026-03-01 02:12:58,10.2.28.88,10.2.28.2,61058,53,udp,dns,Exploits,0.2892,CON,506,LOGGED(PCAP_ANALYSIS),,0
2026-03-01 02:12:58,10.2.28.88,10.2.28.2,54560,135,tcp,-,Exploits,0.2592,RST,904,LOGGED(PCAP_ANALYSIS),,0
2026-03-01 02:12:58,10.2.28.88,10.2.28.2,54561,49671,tcp,-,Exploits,0.3705,RST,4398,LOGGED(PCAP_ANALYSIS),,0
2026-03-01 02:12:58,10.2.28.88,10.2.28.2,54562,389,tcp,ldap,Exploits,0.4025,FIN,3633,LOGGED(PCAP_ANALYSIS),,0
2026-03-01 02:12:58,10.2.28.88,10.2.28.2,54563,389,tcp,ldap,Exploits,0.3425,FIN,3009,LOGGED(PCAP_ANALYSIS),,0
2026-03-01 02:12:58,10.2.28.88,40.126.29.15,54564,443,tcp,ssl,Exploits,0.4927,RST,1923,LOGGED(PCAP_ANALYSIS),,0
2026-03-01 02:12:58,10.2.28.88,52.183.220.149,54565,443,tcp,ssl,Exploits,0.4373,FIN,2038,LOGGED(PCAP_ANALYSIS),,0
2026-03-01 02:12:58,10.2.28.88,10.2.28.2,52159,53,udp,dns,Exploits,0.4555,CON,172,LOGGED(PCAP_ANALYSIS),,0
2026-03-01 02:12:58,10.2.28.88,4.149.160.182,54567,443,tcp,ssl,Exploits,0.4243,FIN,4416,LOGGED(PCAP_ANALYSIS),,0
2026-03-01 02:12:58,10.2.28.88,104.208.203.89,59984,443,tcp,ssl,Exploits,0.3105,INT,60,LOGGED(PCAP_ANALYSIS),,0
2026-03-01 02:12:58,10.2.28.88,10.2.28.2,54568,445,tcp,smb,Exploits,0.4462,RST,5530,LOGGED(PCAP_ANALYSIS),,0
2026-03-01 02:12:58,10.2.28.88,104.208.203.89,52375,443,tcp,ssl,Exploits,0.3105,INT,60,LOGGED(PCAP_ANALYSIS),,0
2026-03-01 02:12:58,10.2.28.2,10.2.28.88,137,137,udp,-,Generic,0.2421,INT,104,LOGGED(PCAP_ANALYSIS),,0
2026-03-01 02:18:58,10.2.28.88,104.208.203.89,59984,443,tcp,ssl,Exploits,0.3053,INT,120,LOGGED(PCAP_ANALYSIS),,0
2026-03-01 02:18:58,10.2.28.88,104.208.203.89,52375,443,tcp,ssl,Exploits,0.2746,INT,272,LOGGED(PCAP_ANALYSIS),,0
2026-03-01 02:18:58,10.2.28.88,10.2.28.2,54769,53,udp,dns,Exploits,0.5374,CON,154,LOGGED(PCAP_ANALYSIS),,0
2026-03-01 02:18:58,10.2.28.88,10.2.28.2,55083,53,udp,dns,Exploits,0.3556,CON,324,LOGGED(PCAP_ANALYSIS),,0
2026-03-01 02:18:58,10.2.28.88,10.2.28.2,54570,135,tcp,-,Exploits,0.2619,RST,904,LOGGED(PCAP_ANALYSIS),,0
2026-03-01 02:18:58,10.2.28.88,10.2.28.2,54571,49671,tcp,-,Exploits,0.3686,RST,4398,LOGGED(PCAP_ANALYSIS),,0
2026-03-01 02:18:58,10.2.28.88,10.2.28.2,54572,389,tcp,ldap,Exploits,0.4017,FIN,3633,LOGGED(PCAP_ANALYSIS),,0
2026-03-01 02:18:58,10.2.28.88,10.2.28.2,54573,389,tcp,ldap,Exploits,0.3551,FIN,3009,LOGGED(PCAP_ANALYSIS),,0
2026-03-01 02:18:58,10.2.28.88,40.126.28.12,54574,443,tcp,ssl,Exploits,0.4875,RST,1923,LOGGED(PCAP_ANALYSIS),,0
2026-03-01 02:18:58,10.2.28.88,10.2.28.2,123,123,udp,ntp,Exploits,0.4482,CON,162,LOGGED(PCAP_ANALYSIS),,0
2026-03-01 02:18:58,10.2.28.2,10.2.28.88,137,137,udp,-,Generic,0.2421,INT,104,LOGGED(PCAP_ANALYSIS),,0
2026-03-01 02:18:58,10.2.28.88,52.123.250.16,54575,443,tcp,ssl,Exploits,0.4293,CON,2155,LOGGED(PCAP_ANALYSIS),,0
2026-03-01 02:26:29,10.2.28.2,10.2.28.88,445,59991,tcp,smb,Exploits,0.2566,INT,1448,LOGGED(PCAP_ANALYSIS),,0
2026-03-01 02:26:29,10.2.28.88,10.2.28.2,53439,53,udp,dns,Exploits,0.4572,CON,166,LOGGED(PCAP_ANALYSIS),,0
2026-03-01 02:26:29,10.2.28.88,199.232.210.172,54576,80,tcp,http,Exploits,0.362,FIN,1320,LOGGED(PCAP_ANALYSIS),,0
2026-03-01 02:26:29,10.2.28.88,51.116.246.106,54577,443,tcp,ssl,Exploits,0.2595,RST,2281,LOGGED(PCAP_ANALYSIS),,0
2026-03-01 02:26:29,10.2.28.88,104.208.203.89,52375,443,tcp,ssl,Exploits,0.2808,INT,120,LOGGED(PCAP_ANALYSIS),,0
2026-03-01 02:26:29,10.2.28.88,104.208.203.89,59984,443,tcp,ssl,Exploits,0.2543,INT,273,LOGGED(PCAP_ANALYSIS),,0
2026-03-01 02:26:29,10.2.28.2,10.2.28.88,137,137,udp,-,Generic,0.2621,INT,104,LOGGED(PCAP_ANALYSIS),,0
2026-03-01 02:26:29,10.2.28.88,10.2.28.2,49281,53,udp,dns,Exploits,0.4616,CON,178,LOGGED(PCAP_ANALYSIS),,0
2026-03-01 02:26:29,10.2.28.88,20.189.173.8,54578,443,tcp,ssl,Exploits,0.4498,FIN,3823,LOGGED(PCAP_ANALYSIS),,0
2026-03-01 02:26:29,10.2.28.88,10.2.28.2,54579,445,tcp,smb,Exploits,0.4569,RST,5530,LOGGED(PCAP_ANALYSIS),,0
2026-03-01 02:26:29,10.2.28.88,51.105.71.136,54580,443,tcp,ssl,Exploits,0.4582,CON,2342,LOGGED(PCAP_ANALYSIS),,0
2026-03-01 02:32:13,10.2.28.88,10.2.28.2,54769,53,udp,dns,Exploits,0.5566,CON,154,LOGGED(PCAP_ANALYSIS),,0
2026-03-01 02:32:13,10.2.28.88,10.2.28.2,56265,53,udp,dns,Exploits,0.4333,CON,78,LOGGED(PCAP_ANALYSIS),,0
2026-03-01 02:32:13,10.2.28.88,10.2.28.2,64505,53,udp,dns,Exploits,0.4,CON,78,LOGGED(PCAP_ANALYSIS),,0
2026-03-01 02:32:13,10.2.28.88,150.171.28.11,63960,443,tcp,ssl,DoS,0.2919,RST,3950,LOGGED(PCAP_ANALYSIS),,0
2026-03-01 02:32:13,10.2.28.2,10.2.28.88,445,59991,tcp,smb,Exploits,0.2947,INT,634,LOGGED(PCAP_ANALYSIS),,0
2026-03-01 02:32:13,10.2.28.88,51.105.71.136,54580,443,tcp,ssl,Exploits,0.3353,INT,120,LOGGED(PCAP_ANALYSIS),,0
2026-03-01 02:32:13,10.2.28.2,10.2.28.88,137,137,udp,-,Generic,0.304,INT,104,LOGGED(PCAP_ANALYSIS),,0
2026-03-01 02:32:13,10.2.28.88,104.208.203.89,52375,443,tcp,ssl,Exploits,0.2505,INT,60,LOGGED(PCAP_ANALYSIS),,0
2026-03-01 02:32:13,10.2.28.88,104.208.203.89,59984,443,tcp,ssl,Exploits,0.2771,INT,60,LOGGED(PCAP_ANALYSIS),,0
2026-03-01 02:47:58,10.2.28.88,10.2.28.2,63961,135,tcp,-,Exploits,0.378,RST,904,LOGGED(PCAP_ANALYSIS),,0
2026-03-01 02:47:58,10.2.28.88,10.2.28.2,63962,49671,tcp,-,Exploits,0.4264,RST,4398,LOGGED(PCAP_ANALYSIS),,0
2026-03-01 02:47:58,10.2.28.88,10.2.28.2,63963,389,tcp,ldap,Exploits,0.3691,FIN,3699,LOGGED(PCAP_ANALYSIS),,0
2026-03-01 02:47:58,10.2.28.88,10.2.28.2,63964,389,tcp,ldap,Exploits,0.3559,FIN,3009,LOGGED(PCAP_ANALYSIS),,0
2026-03-01 02:47:58,10.2.28.88,40.126.29.15,63965,443,tcp,ssl,Exploits,0.4696,RST,1983,LOGGED(PCAP_ANALYSIS),,0
2026-03-01 02:47:58,10.2.28.88,52.137.106.217,63966,443,tcp,ssl,Exploits,0.5085,FIN,2038,LOGGED(PCAP_ANALYSIS),,0
2026-03-01 02:47:58,10.2.28.2,10.2.28.88,137,137,udp,-,Fuzzers,0.3555,INT,312,LOGGED(PCAP_ANALYSIS),,0
2026-03-01 02:47:58,10.2.28.2,10.2.28.88,445,59991,tcp,smb,Exploits,0.3032,INT,934,LOGGED(PCAP_ANALYSIS),,0
2026-03-01 02:47:58,10.2.28.88,10.2.28.2,123,123,udp,ntp,Exploits,0.442,CON,162,LOGGED(PCAP_ANALYSIS),,0
2026-03-01 02:47:58,10.2.28.88,10.2.28.2,54769,53,udp,dns,Exploits,0.3511,CON,308,LOGGED(PCAP_ANALYSIS),,0
2026-03-01 02:47:58,10.2.28.88,10.2.28.2,55077,53,udp,dns,Exploits,0.2864,CON,486,LOGGED(PCAP_ANALYSIS),,0
2026-03-01 02:47:58,10.2.28.88,10.2.28.2,63967,445,tcp,smb,Exploits,0.4569,RST,5530,LOGGED(PCAP_ANALYSIS),,0
2026-03-01 02:47:58,10.2.28.88,20.42.65.84,63968,443,tcp,ssl,Exploits,0.4662,CON,1017,LOGGED(PCAP_ANALYSIS),,0
2026-03-01 02:48:10,10.2.28.88,10.2.28.2,56715,53,udp,dns,Exploits,0.46,CON,150,LOGGED(PCAP_ANALYSIS),,0
2026-03-01 02:48:10,10.2.28.88,23.192.223.5,63969,443,tcp,ssl,Exploits,0.425,CON,2200,LOGGED(PCAP_ANALYSIS),,0
2026-03-01 02:48:10,10.2.28.88,10.2.28.2,56971,53,udp,dns,Exploits,0.4267,CON,71,LOGGED(PCAP_ANALYSIS),,0
2026-03-01 02:48:10,10.2.28.88,10.2.28.2,51081,53,udp,dns,Exploits,0.4267,CON,71,LOGGED(PCAP_ANALYSIS),,0
2026-03-01 02:48:10,10.2.28.88,10.2.28.2,50316,53,udp,dns,Exploits,0.3269,CON,356,LOGGED(PCAP_ANALYSIS),,0
2026-03-01 02:48:10,10.2.28.88,10.2.28.2,50317,389,udp,ldap,Exploits,0.4127,CON,232,LOGGED(PCAP_ANALYSIS),,0
2026-03-01 02:48:10,10.2.28.88,10.2.28.2,52897,53,udp,dns,Exploits,0.4067,CON,71,LOGGED(PCAP_ANALYSIS),,0
2026-03-01 02:48:10,10.2.28.88,10.2.28.2,61683,53,udp,dns,Exploits,0.4333,CON,71,LOGGED(PCAP_ANALYSIS),,0
2026-03-01 02:48:10,10.2.28.88,10.2.28.2,50191,53,udp,dns,Exploits,0.38,CON,87,LOGGED(PCAP_ANALYSIS),,0
2026-03-01 02:48:10,10.2.28.88,10.2.28.2,51811,53,udp,dns,Exploits,0.3933,CON,87,LOGGED(PCAP_ANALYSIS),,0
2026-03-01 02:48:10,10.2.28.88,23.55.178.208,56817,443,udp,ssl,Exploits,0.4519,CON,3947,LOGGED(PCAP_ANALYSIS),,0
2026-03-01 02:48:10,10.2.28.88,23.64.115.206,53424,443,udp,ssl,Exploits,0.3989,CON,9687,LOGGED(PCAP_ANALYSIS),,0
2026-03-01 02:48:10,10.2.28.88,10.2.28.2,65335,135,tcp,-,Exploits,0.2578,CON,904,LOGGED(PCAP_ANALYSIS),,0
2026-03-01 02:48:10,10.2.28.88,10.2.28.2,65336,49671,tcp,-,Exploits,0.4072,CON,4706,LOGGED(PCAP_ANALYSIS),,0
2026-03-01 02:48:10,10.2.28.88,10.2.28.2,61802,53,udp,dns,Exploits,0.4244,CON,74,LOGGED(PCAP_ANALYSIS),,0
2026-03-01 02:48:10,10.2.28.88,10.2.28.2,51228,53,udp,dns,Exploits,0.4267,CON,74,LOGGED(PCAP_ANALYSIS),,0
2026-03-01 02:48:10,10.2.28.88,10.2.28.2,55827,445,tcp,smb,Exploits,0.4591,CON,6687,LOGGED(PCAP_ANALYSIS),,0
2026-03-01 02:48:10,10.2.28.88,10.2.28.2,51229,389,udp,ldap,Exploits,0.4212,CON,271,LOGGED(PCAP_ANALYSIS),,0
2026-03-01 02:48:10,10.2.28.88,23.218.232.183,55828,80,tcp,http,DoS,0.3151,CON,595,LOGGED(PCAP_ANALYSIS),,0
2026-03-01 02:53:17,10.2.28.88,23.41.251.53,65334,443,tcp,ssl,Exploits,0.3644,FIN,4357,LOGGED(PCAP_ANALYSIS),,0
2026-03-01 02:53:17,10.2.28.88,23.64.115.206,56314,443,tcp,ssl,Exploits,0.2937,FIN,2485,LOGGED(PCAP_ANALYSIS),,0
2026-03-01 02:53:17,10.2.28.88,23.192.223.16,55825,443,tcp,ssl,Exploits,0.3541,FIN,6149,LOGGED(PCAP_ANALYSIS),,0
2026-03-01 02:53:17,10.2.28.88,23.218.232.183,55829,80,tcp,http,Generic,0.27,FIN,3326,LOGGED(PCAP_ANALYSIS),,0
2026-03-01 02:53:17,10.2.28.2,10.2.28.88,137,137,udp,-,Generic,0.2355,INT,104,LOGGED(PCAP_ANALYSIS),,0
2026-03-01 02:53:17,10.2.28.88,10.2.28.2,60683,53,udp,dns,Exploits,0.4133,CON,78,LOGGED(PCAP_ANALYSIS),,0
2026-03-01 02:53:17,10.2.28.88,10.2.28.2,55893,53,udp,dns,Exploits,0.3867,CON,78,LOGGED(PCAP_ANALYSIS),,0
2026-03-01 02:53:17,10.2.28.88,10.2.28.2,57891,53,udp,dns,Exploits,0.3022,CON,338,LOGGED(PCAP_ANALYSIS),,0
2026-03-01 02:53:17,10.2.28.88,150.171.28.11,54890,443,tcp,ssl,Exploits,0.2797,FIN,4809,LOGGED(PCAP_ANALYSIS),,0
2026-03-01 02:53:17,10.2.28.88,10.2.28.2,0,0,icmp,-,Exploits,0.236,INT,174,LOGGED(PCAP_ANALYSIS),,0
2026-03-01 02:53:17,10.2.28.88,10.2.28.2,55827,445,tcp,smb,Exploits,0.3953,INT,312,LOGGED(PCAP_ANALYSIS),,0
2026-03-01 02:53:17,10.2.28.88,10.2.28.2,65335,135,tcp,-,Exploits,0.3032,INT,120,LOGGED(PCAP_ANALYSIS),,0
2026-03-01 02:53:17,10.2.28.88,10.2.28.2,65336,49671,tcp,-,Exploits,0.2965,INT,120,LOGGED(PCAP_ANALYSIS),,0
2026-03-01 02:53:17,10.2.28.2,10.2.28.88,445,59991,tcp,smb,Exploits,0.2963,INT,634,LOGGED(PCAP_ANALYSIS),,0
2026-03-01 02:53:17,10.2.28.88,13.69.116.109,54891,443,tcp,ssl,Exploits,0.315,FIN,2462,LOGGED(PCAP_ANALYSIS),,0
2026-03-01 02:53:17,10.2.28.88,20.42.65.84,63968,443,tcp,ssl,Exploits,0.355,INT,120,LOGGED(PCAP_ANALYSIS),,0
2026-03-01 02:53:17,10.2.28.88,10.2.28.2,60043,53,udp,dns,Exploits,0.4867,CON,154,LOGGED(PCAP_ANALYSIS),,0
2026-03-01 02:53:17,10.2.28.88,23.204.150.28,54893,80,tcp,http,Exploits,0.2869,FIN,600,LOGGED(PCAP_ANALYSIS),,0
2026-03-01 02:53:17,10.2.28.88,104.208.203.89,59984,443,tcp,ssl,Exploits,0.3105,INT,60,LOGGED(PCAP_ANALYSIS),,0
2026-03-01 02:53:17,10.2.28.88,23.192.223.5,63969,443,tcp,ssl,Exploits,0.4265,INT,180,LOGGED(PCAP_ANALYSIS),,0
2026-03-01 02:53:17,10.2.28.88,23.218.232.183,55828,80,tcp,http,Exploits,0.3041,INT,120,LOGGED(PCAP_ANALYSIS),,0
2026-03-01 02:53:17,10.2.28.88,10.2.28.2,123,123,udp,ntp,Exploits,0.4454,CON,162,LOGGED(PCAP_ANALYSIS),,0
2026-03-01 02:53:17,10.2.28.88,20.42.65.84,54894,443,tcp,ssl,Exploits,0.474,FIN,1229,LOGGED(PCAP_ANALYSIS),,0
2026-03-01 02:58:29,10.2.28.88,104.208.203.89,59984,443,tcp,ssl,Exploits,0.3264,INT,120,LOGGED(PCAP_ANALYSIS),,0
2026-03-01 02:58:29,10.2.28.2,10.2.28.88,445,59991,tcp,smb,Exploits,0.39,INT,120,LOGGED(PCAP_ANALYSIS),,0
2026-03-01 02:58:29,10.2.28.88,10.2.28.2,54895,445,tcp,smb,Exploits,0.4219,RST,5530,LOGGED(PCAP_ANALYSIS),,0
2026-03-01 02:58:29,10.2.28.88,10.2.28.2,54896,135,tcp,-,Exploits,0.3075,FIN,742,LOGGED(PCAP_ANALYSIS),,0
2026-03-01 02:58:29,10.2.28.88,10.2.28.2,54897,135,tcp,-,Exploits,0.3008,FIN,742,LOGGED(PCAP_ANALYSIS),,0
2026-03-01 02:58:29,10.2.28.88,10.2.28.2,54898,49671,tcp,-,Exploits,0.339,FIN,3668,LOGGED(PCAP_ANALYSIS),,0
2026-03-01 02:58:29,10.2.28.88,10.2.28.2,54899,62068,tcp,-,Exploits,0.2729,FIN,1665,LOGGED(PCAP_ANALYSIS),,0
2026-03-01 02:58:29,10.2.28.88,10.2.28.2,54250,53,udp,dns,Exploits,0.3422,CON,331,LOGGED(PCAP_ANALYSIS),,0
2026-03-01 02:58:29,10.2.28.88,10.2.28.2,54900,389,tcp,ldap,Exploits,0.4397,FIN,4035,LOGGED(PCAP_ANALYSIS),,0
2026-03-01 02:58:29,10.2.28.88,10.2.28.2,54252,389,udp,ldap,Exploits,0.4209,CON,271,LOGGED(PCAP_ANALYSIS),,0
2026-03-01 02:58:29,10.2.28.88,10.2.28.2,54253,389,udp,ldap,Exploits,0.4031,CON,231,LOGGED(PCAP_ANALYSIS),,0
2026-03-01 02:58:29,10.2.28.88,10.2.28.2,54901,389,tcp,ldap,Exploits,0.3721,FIN,2996,LOGGED(PCAP_ANALYSIS),,0
2026-03-01 02:58:29,10.2.28.88,104.46.162.224,54902,443,tcp,ssl,Exploits,0.3148,FIN,2461,LOGGED(PCAP_ANALYSIS),,0
2026-03-01 02:58:29,10.2.28.88,10.2.28.2,54769,53,udp,dns,Exploits,0.5379,CON,154,LOGGED(PCAP_ANALYSIS),,0
2026-03-01 03:01:00,10.2.28.2,10.2.28.88,137,137,udp,-,Fuzzers,0.3252,INT,208,LOGGED(PCAP_ANALYSIS),,0
2026-03-01 03:05:00,10.2.28.88,10.2.28.2,54904,49671,tcp,-,Exploits,0.2867,FIN,4092,LOGGED(PCAP_ANALYSIS),,0
2026-03-01 03:05:00,10.2.28.88,10.2.28.2,54905,389,tcp,ldap,Exploits,0.396,FIN,3978,LOGGED(PCAP_ANALYSIS),,0
2026-03-01 03:05:00,10.2.28.88,10.2.28.2,54255,389,udp,ldap,Exploits,0.4061,CON,271,LOGGED(PCAP_ANALYSIS),,0
2026-03-01 03:05:00,10.2.28.88,10.2.28.2,54906,389,tcp,ldap,Exploits,0.3373,FIN,3058,LOGGED(PCAP_ANALYSIS),,0
2026-03-01 03:05:00,10.2.28.88,104.208.203.89,59984,443,tcp,ssl,Exploits,0.2812,INT,60,LOGGED(PCAP_ANALYSIS),,0
2026-03-01 03:05:00,10.2.28.88,10.2.28.2,54250,53,udp,dns,Exploits,0.3691,CON,215,LOGGED(PCAP_ANALYSIS),,0
2026-03-01 03:05:00,10.2.28.88,10.2.28.2,54256,389,udp,ldap,Exploits,0.4004,CON,232,LOGGED(PCAP_ANALYSIS),,0
2026-03-01 03:05:00,10.2.28.88,10.2.28.2,54908,135,tcp,-,Exploits,0.3557,RST,844,LOGGED(PCAP_ANALYSIS),,0
2026-03-01 03:05:00,10.2.28.88,10.2.28.2,54909,49671,tcp,-,Exploits,0.3872,RST,4424,LOGGED(PCAP_ANALYSIS),,0
2026-03-01 03:05:00,10.2.28.88,10.2.28.2,54910,389,tcp,ldap,Exploits,0.4016,FIN,3719,LOGGED(PCAP_ANALYSIS),,0
2026-03-01 03:05:00,10.2.28.88,10.2.28.2,54911,389,tcp,ldap,Exploits,0.3551,FIN,3095,LOGGED(PCAP_ANALYSIS),,0
2026-03-01 03:05:00,10.2.28.2,10.2.28.88,137,137,udp,-,Generic,0.2422,INT,104,LOGGED(PCAP_ANALYSIS),,0
2026-03-01 03:05:00,10.2.28.88,13.89.179.14,54912,443,tcp,ssl,Exploits,0.4507,FIN,6334,LOGGED(PCAP_ANALYSIS),,0
2026-03-01 03:10:34,10.2.28.2,10.2.28.88,445,59991,tcp,smb,Exploits,0.299,INT,1268,LOGGED(PCAP_ANALYSIS),,0
2026-03-01 03:10:34,10.2.28.88,10.2.28.2,54907,445,tcp,smb,Exploits,0.3467,CON,24588,LOGGED(PCAP_ANALYSIS),,0
2026-03-01 03:10:34,10.2.28.88,104.208.203.89,59984,443,tcp,ssl,Exploits,0.327,INT,120,LOGGED(PCAP_ANALYSIS),,0
2026-03-01 03:10:34,10.2.28.88,10.2.28.2,54769,53,udp,dns,Exploits,0.5512,CON,154,LOGGED(PCAP_ANALYSIS),,0
2026-03-01 03:10:34,10.2.28.88,10.2.28.2,123,123,udp,ntp,Exploits,0.442,CON,162,LOGGED(PCAP_ANALYSIS),,0
2026-03-01 03:10:34,10.2.28.2,10.2.28.88,137,137,udp,-,Generic,0.2355,INT,104,LOGGED(PCAP_ANALYSIS),,0
2026-03-01 03:16:47,10.2.28.88,10.2.28.2,54250,53,udp,dns,Exploits,0.3444,CON,324,LOGGED(PCAP_ANALYSIS),,0
2026-03-01 03:16:47,10.2.28.88,10.2.28.2,54914,49671,tcp,-,Exploits,0.3838,RST,4398,LOGGED(PCAP_ANALYSIS),,0
2026-03-01 03:16:47,10.2.28.88,10.2.28.2,54915,389,tcp,ldap,Exploits,0.4017,FIN,3633,LOGGED(PCAP_ANALYSIS),,0
2026-03-01 03:16:47,10.2.28.88,10.2.28.2,54916,389,tcp,ldap,Exploits,0.3551,FIN,3009,LOGGED(PCAP_ANALYSIS),,0
2026-03-01 03:16:47,10.2.28.88,40.126.29.13,54917,443,tcp,ssl,Exploits,0.4784,RST,1983,LOGGED(PCAP_ANALYSIS),,0
2026-03-01 03:16:47,10.2.28.88,20.106.86.13,54918,443,tcp,ssl,Exploits,0.5085,FIN,2038,LOGGED(PCAP_ANALYSIS),,0
2026-03-01 03:16:47,10.2.28.88,10.2.28.2,54907,445,tcp,smb,Exploits,0.3062,INT,1016,LOGGED(PCAP_ANALYSIS),,0
2026-03-01 03:16:47,10.2.28.2,10.2.28.88,445,59991,tcp,smb,Exploits,0.3913,INT,180,LOGGED(PCAP_ANALYSIS),,0
2026-03-01 03:16:47,10.2.28.88,104.208.203.89,59984,443,tcp,ssl,Exploits,0.3316,INT,215,LOGGED(PCAP_ANALYSIS),,0
2026-03-01 03:16:47,10.2.28.2,10.2.28.88,137,137,udp,-,Generic,0.2355,INT,104,LOGGED(PCAP_ANALYSIS),,0
2026-03-01 03:16:47,10.2.28.88,10.2.28.2,54769,53,udp,dns,Exploits,0.5445,CON,154,LOGGED(PCAP_ANALYSIS),,0
2026-03-01 03:24:10,10.2.28.88,10.2.28.2,54784,53,udp,dns,Exploits,0.3022,CON,415,LOGGED(PCAP_ANALYSIS),,0
2026-03-01 03:24:10,10.2.28.88,10.2.28.2,54919,135,tcp,-,Exploits,0.2732,RST,904,LOGGED(PCAP_ANALYSIS),,0
2026-03-01 03:24:10,10.2.28.88,10.2.28.2,54920,49671,tcp,-,Exploits,0.3777,RST,4398,LOGGED(PCAP_ANALYSIS),,0
2026-03-01 03:24:10,10.2.28.88,10.2.28.2,54921,389,tcp,ldap,Exploits,0.3926,FIN,3633,LOGGED(PCAP_ANALYSIS),,0
2026-03-01 03:24:10,10.2.28.88,10.2.28.2,54922,389,tcp,ldap,Exploits,0.3526,FIN,3009,LOGGED(PCAP_ANALYSIS),,0
2026-03-01 03:24:10,10.2.28.88,40.126.29.5,54923,443,tcp,ssl,Exploits,0.5166,RST,1984,LOGGED(PCAP_ANALYSIS),,0
2026-03-01 03:24:10,10.2.28.88,10.2.28.2,51816,53,udp,dns,Exploits,0.4492,CON,182,LOGGED(PCAP_ANALYSIS),,0
2026-03-01 03:24:10,10.2.28.88,51.11.168.232,54924,443,tcp,ssl,Exploits,0.4709,FIN,2177,LOGGED(PCAP_ANALYSIS),,0
2026-03-01 03:24:10,10.2.28.2,10.2.28.88,445,59991,tcp,smb,Exploits,0.3195,INT,694,LOGGED(PCAP_ANALYSIS),,0
2026-03-01 03:24:10,10.2.28.88,104.208.203.89,59984,443,tcp,ssl,Exploits,0.3003,INT,120,LOGGED(PCAP_ANALYSIS),,0
2026-03-01 03:24:10,10.2.28.88,10.2.28.2,62934,53,udp,dns,Exploits,0.4633,CON,148,LOGGED(PCAP_ANALYSIS),,0
2026-03-01 03:24:10,10.2.28.88,52.123.250.27,54925,443,tcp,ssl,Exploits,0.2785,FIN,3023,LOGGED(PCAP_ANALYSIS),,0
2026-03-01 03:24:10,10.2.28.88,10.2.28.2,62418,53,udp,dns,Exploits,0.3467,CON,166,LOGGED(PCAP_ANALYSIS),,0
2026-03-01 03:24:10,10.2.28.88,23.213.232.198,54926,80,tcp,http,Exploits,0.3805,FIN,1320,LOGGED(PCAP_ANALYSIS),,0
2026-03-01 03:24:10,10.2.28.88,13.69.116.109,54927,443,tcp,ssl,Exploits,0.2835,RST,2341,LOGGED(PCAP_ANALYSIS),,0
2026-03-01 03:24:10,10.2.28.2,10.2.28.88,137,137,udp,-,Generic,0.2621,INT,104,LOGGED(PCAP_ANALYSIS),,0
2026-03-01 03:24:10,10.2.28.88,52.123.250.27,54928,443,tcp,ssl,Exploits,0.2945,FIN,2275,LOGGED(PCAP_ANALYSIS),,0
2026-03-01 03:25:36,10.2.28.88,52.123.250.27,54929,443,tcp,ssl,Exploits,0.45,CON,2095,LOGGED(PCAP_ANALYSIS),,0
2026-03-01 03:25:36,10.2.28.2,10.2.28.88,137,137,udp,-,Generic,0.2621,INT,104,LOGGED(PCAP_ANALYSIS),,0
2026-03-01 03:25:36,10.2.28.2,10.2.28.88,445,59991,tcp,smb,Exploits,0.3469,INT,60,LOGGED(PCAP_ANALYSIS),,0
2026-03-01 03:25:36,10.2.28.88,10.2.28.2,55359,53,udp,dns,Exploits,0.3628,CON,257,LOGGED(PCAP_ANALYSIS),,0
2026-03-01 03:25:36,10.2.28.88,10.2.28.2,54930,445,tcp,smb,Exploits,0.4219,RST,5530,LOGGED(PCAP_ANALYSIS),,0
2026-03-01 03:25:36,10.2.28.88,10.2.28.2,123,123,udp,ntp,Exploits,0.442,CON,162,LOGGED(PCAP_ANALYSIS),,0
2026-03-01 03:25:36,10.2.28.88,10.2.28.2,54931,135,tcp,-,Exploits,0.3037,CON,622,LOGGED(PCAP_ANALYSIS),,0
2026-03-01 03:25:36,10.2.28.88,10.2.28.2,54932,49671,tcp,-,Exploits,0.3847,CON,3548,LOGGED(PCAP_ANALYSIS),,0
2026-03-01 03:25:36,10.2.28.88,10.2.28.2,54933,135,tcp,-,Exploits,0.2859,RST,904,LOGGED(PCAP_ANALYSIS),,0
2026-03-01 03:25:36,10.2.28.88,10.2.28.2,54934,49671,tcp,-,Exploits,0.3771,RST,4398,LOGGED(PCAP_ANALYSIS),,0
2026-03-01 03:25:36,10.2.28.88,10.2.28.2,55361,389,udp,ldap,Exploits,0.3601,CON,232,LOGGED(PCAP_ANALYSIS),,0
2026-03-01 03:25:36,10.2.28.88,10.2.28.2,54935,389,tcp,ldap,Exploits,0.3987,FIN,3633,LOGGED(PCAP_ANALYSIS),,0
2026-03-01 03:25:36,10.2.28.88,10.2.28.2,54936,389,tcp,ldap,Exploits,0.372,RST,2949,LOGGED(PCAP_ANALYSIS),,0
2026-03-01 03:25:36,10.2.28.88,20.190.135.7,54937,443,tcp,ssl,Exploits,0.4893,RST,1802,LOGGED(PCAP_ANALYSIS),,0
2026-03-01 03:30:00,10.2.28.88,10.2.28.2,65130,53,udp,dns,Exploits,0.4559,CON,178,LOGGED(PCAP_ANALYSIS),,0
2026-03-01 03:30:00,10.2.28.88,20.189.173.14,54938,443,tcp,ssl,Exploits,0.4051,FIN,6097,LOGGED(PCAP_ANALYSIS),,0
2026-03-01 03:30:00,10.2.28.88,104.46.162.224,54939,443,tcp,ssl,Exploits,0.3035,FIN,2399,LOGGED(PCAP_ANALYSIS),,0
2026-03-01 03:30:00,10.2.28.88,10.2.28.2,54931,135,tcp,-,Exploits,0.2789,INT,120,LOGGED(PCAP_ANALYSIS),,0
2026-03-01 03:30:00,10.2.28.88,104.208.203.89,59984,443,tcp,ssl,Exploits,0.3177,INT,120,LOGGED(PCAP_ANALYSIS),,0
2026-03-01 03:30:00,10.2.28.88,10.2.28.2,54769,53,udp,dns,Exploits,0.5312,CON,154,LOGGED(PCAP_ANALYSIS),,0
2026-03-01 03:30:00,10.2.28.88,10.2.28.2,53529,53,udp,dns,Exploits,0.2864,CON,490,LOGGED(PCAP_ANALYSIS),,0
2026-03-01 03:30:00,10.2.28.88,10.2.28.2,58422,53,udp,dns,Exploits,0.3933,CON,78,LOGGED(PCAP_ANALYSIS),,0
2026-03-01 03:30:00,10.2.28.88,10.2.28.2,51400,53,udp,dns,Exploits,0.3867,CON,78,LOGGED(PCAP_ANALYSIS),,0
2026-03-01 03:30:00,10.2.28.88,150.171.27.11,58015,443,tcp,ssl,DoS,0.2949,RST,3614,LOGGED(PCAP_ANALYSIS),,0
2026-03-01 03:30:00,10.2.28.88,20.106.86.13,58016,443,tcp,ssl,Exploits,0.4861,FIN,5794,LOGGED(PCAP_ANALYSIS),,0
2026-03-01 03:30:00,10.2.28.88,52.123.250.27,58017,443,tcp,ssl,Exploits,0.4393,CON,2221,LOGGED(PCAP_ANALYSIS),,0
2026-03-01 03:30:00,10.2.28.2,10.2.28.88,137,137,udp,-,Generic,0.304,INT,104,LOGGED(PCAP_ANALYSIS),,0
2026-03-01 03:44:54,10.2.28.2,10.2.28.88,445,59991,tcp,smb,Exploits,0.2566,INT,1448,LOGGED(PCAP_ANALYSIS),,0
2026-03-01 03:44:54,10.2.28.88,104.208.203.89,59984,443,tcp,ssl,Exploits,0.2667,INT,335,LOGGED(PCAP_ANALYSIS),,0
2026-03-01 03:44:54,10.2.28.2,10.2.28.88,137,137,udp,-,Fuzzers,0.3349,INT,208,LOGGED(PCAP_ANALYSIS),,0
2026-03-01 03:44:54,10.2.28.88,10.2.28.2,54769,53,udp,dns,Exploits,0.5379,CON,154,LOGGED(PCAP_ANALYSIS),,0
2026-03-01 03:44:54,10.2.28.88,10.2.28.2,51456,53,udp,dns,Exploits,0.4867,CON,154,LOGGED(PCAP_ANALYSIS),,0
2026-03-01 03:44:54,10.2.28.88,10.2.28.2,58019,445,tcp,smb,Exploits,0.4419,RST,5530,LOGGED(PCAP_ANALYSIS),,0
2026-03-01 03:44:54,10.2.28.88,10.2.28.2,123,123,udp,ntp,Exploits,0.442,CON,162,LOGGED(PCAP_ANALYSIS),,0
2026-03-01 03:48:12,10.2.28.2,10.2.28.88,137,137,udp,-,Generic,0.304,INT,104,LOGGED(PCAP_ANALYSIS),,0
2026-03-01 03:48:12,10.2.28.2,10.2.28.88,445,59991,tcp,smb,Exploits,0.3863,INT,120,LOGGED(PCAP_ANALYSIS),,0
2026-03-01 03:48:12,10.2.28.88,10.2.28.2,51456,53,udp,dns,Exploits,0.3777,CON,311,LOGGED(PCAP_ANALYSIS),,0
2026-03-01 03:48:12,10.2.28.88,104.208.203.89,58020,443,tcp,ssl,Exploits,0.4593,CON,3746,LOGGED(PCAP_ANALYSIS),,0
2026-03-01 03:48:12,10.2.28.88,10.2.28.2,54769,53,udp,dns,Exploits,0.5067,CON,229,LOGGED(PCAP_ANALYSIS),,0
2026-03-01 03:49:01,10.2.28.88,10.2.28.2,61195,53,udp,dns,Exploits,0.4667,CON,150,LOGGED(PCAP_ANALYSIS),,0
2026-03-01 03:49:01,10.2.28.88,23.192.223.5,58021,443,tcp,ssl,Exploits,0.4278,CON,2200,LOGGED(PCAP_ANALYSIS),,0
2026-03-01 03:49:01,10.2.28.88,10.2.28.2,55384,53,udp,dns,Exploits,0.4267,CON,71,LOGGED(PCAP_ANALYSIS),,0
2026-03-01 03:49:01,10.2.28.88,10.2.28.2,63830,53,udp,dns,Exploits,0.42,CON,71,LOGGED(PCAP_ANALYSIS),,0
2026-03-01 03:49:01,10.2.28.88,23.41.251.53,60050,443,tcp,ssl,DoS,0.3598,FIN,4367,LOGGED(PCAP_ANALYSIS),,0
2026-03-01 03:49:01,10.2.28.88,10.2.28.2,63831,389,udp,ldap,Exploits,0.4175,CON,231,LOGGED(PCAP_ANALYSIS),,0
2026-03-01 03:49:01,10.2.28.88,10.2.28.2,60052,445,tcp,smb,Exploits,0.4476,RST,7325,LOGGED(PCAP_ANALYSIS),,0
2026-03-01 03:49:01,10.2.28.88,10.2.28.2,63832,389,udp,ldap,Exploits,0.4223,CON,271,LOGGED(PCAP_ANALYSIS),,0
2026-03-01 03:49:01,10.2.28.88,10.2.28.2,60053,135,tcp,-,Exploits,0.295,FIN,742,LOGGED(PCAP_ANALYSIS),,0
2026-03-01 03:49:01,10.2.28.88,10.2.28.2,60054,49671,tcp,-,Exploits,0.2742,FIN,1448,LOGGED(PCAP_ANALYSIS),,0
2026-03-01 03:49:01,10.2.28.88,10.2.28.2,56446,53,udp,dns,Exploits,0.51,CON,202,LOGGED(PCAP_ANALYSIS),,0
2026-03-01 03:49:01,10.2.28.88,23.218.232.166,60055,80,tcp,http,Exploits,0.3771,CON,597,LOGGED(PCAP_ANALYSIS),,0
2026-03-01 03:49:01,10.2.28.88,23.218.232.166,60056,80,tcp,http,Exploits,0.3953,CON,4364,LOGGED(PCAP_ANALYSIS),,0
2026-03-01 03:49:01,10.2.28.88,10.2.28.2,53093,53,udp,dns,Exploits,0.4,CON,78,LOGGED(PCAP_ANALYSIS),,0
2026-03-01 03:49:01,10.2.28.88,10.2.28.2,51810,53,udp,dns,Exploits,0.3933,CON,78,LOGGED(PCAP_ANALYSIS),,0
2026-03-01 03:49:01,10.2.28.88,150.171.28.11,57233,443,tcp,ssl,Exploits,0.3227,FIN,4755,LOGGED(PCAP_ANALYSIS),,0
2026-03-01 03:55:09,10.2.28.2,10.2.28.88,445,59991,tcp,smb,Exploits,0.3129,INT,694,LOGGED(PCAP_ANALYSIS),,0
2026-03-01 03:55:09,10.2.28.88,10.2.28.2,58054,53,udp,dns,Exploits,0.3291,CON,262,LOGGED(PCAP_ANALYSIS),,0
2026-03-01 03:55:09,10.2.28.88,51.105.71.137,57234,443,tcp,ssl,Exploits,0.3148,FIN,2461,LOGGED(PCAP_ANALYSIS),,0
2026-03-01 03:55:09,10.2.28.88,23.192.223.5,58021,443,tcp,ssl,Exploits,0.4262,INT,180,LOGGED(PCAP_ANALYSIS),,0
2026-03-01 03:55:09,10.2.28.88,23.218.232.166,60055,80,tcp,http,Exploits,0.2881,INT,120,LOGGED(PCAP_ANALYSIS),,0
2026-03-01 03:55:09,10.2.28.88,23.218.232.166,60056,80,tcp,http,Exploits,0.2748,INT,120,LOGGED(PCAP_ANALYSIS),,0
2026-03-01 03:55:09,10.2.28.2,10.2.28.88,137,137,udp,-,Generic,0.2621,INT,104,LOGGED(PCAP_ANALYSIS),,0
2026-03-01 03:55:09,10.2.28.88,104.208.203.89,58020,443,tcp,ssl,Exploits,0.3024,INT,120,LOGGED(PCAP_ANALYSIS),,0
2026-03-01 03:55:09,10.2.28.88,10.2.28.2,57235,135,tcp,-,Exploits,0.3612,RST,904,LOGGED(PCAP_ANALYSIS),,0
2026-03-01 03:55:09,10.2.28.88,10.2.28.2,57236,49671,tcp,-,Exploits,0.4439,RST,4398,LOGGED(PCAP_ANALYSIS),,0
2026-03-01 03:55:09,10.2.28.88,10.2.28.2,57237,389,tcp,ldap,Exploits,0.4292,FIN,3633,LOGGED(PCAP_ANALYSIS),,0
2026-03-01 03:55:09,10.2.28.88,10.2.28.2,57238,389,tcp,ldap,Exploits,0.3892,FIN,3009,LOGGED(PCAP_ANALYSIS),,0
2026-03-01 03:55:09,10.2.28.88,20.190.157.4,57239,443,tcp,ssl,Exploits,0.5099,RST,1984,LOGGED(PCAP_ANALYSIS),,0
2026-03-01 03:55:09,10.2.28.88,10.2.28.2,59260,53,udp,dns,Exploits,0.4626,CON,182,LOGGED(PCAP_ANALYSIS),,0
2026-03-01 03:55:09,10.2.28.88,40.119.249.228,57240,443,tcp,ssl,Exploits,0.4566,FIN,1978,LOGGED(PCAP_ANALYSIS),,0
2026-03-01 04:02:39,10.2.28.88,10.2.28.2,57241,445,tcp,smb,Exploits,0.4419,RST,5530,LOGGED(PCAP_ANALYSIS),,0
2026-03-01 04:02:39,10.2.28.2,10.2.28.88,137,137,udp,-,Fuzzers,0.3487,INT,208,LOGGED(PCAP_ANALYSIS),,0
2026-03-01 04:02:39,10.2.28.88,10.2.28.2,62151,53,udp,dns,Exploits,0.4492,CON,180,LOGGED(PCAP_ANALYSIS),,0
2026-03-01 04:02:39,10.2.28.88,20.189.173.1,57242,443,tcp,ssl,Exploits,0.3256,FIN,2399,LOGGED(PCAP_ANALYSIS),,0
2026-03-01 04:02:39,10.2.28.88,10.2.28.2,57488,53,udp,dns,Exploits,0.5133,CON,154,LOGGED(PCAP_ANALYSIS),,0
2026-03-01 04:02:39,10.2.28.2,10.2.28.88,445,59991,tcp,smb,Exploits,0.2881,INT,634,LOGGED(PCAP_ANALYSIS),,0
2026-03-01 04:02:39,10.2.28.88,104.208.203.89,58020,443,tcp,ssl,Exploits,0.3149,INT,120,LOGGED(PCAP_ANALYSIS),,0
2026-03-01 04:02:39,10.2.28.88,10.2.28.2,123,123,udp,ntp,Exploits,0.442,CON,162,LOGGED(PCAP_ANALYSIS),,0
2026-03-01 04:11:08,10.2.28.88,10.2.28.2,50220,53,udp,dns,Exploits,0.3155,CON,458,LOGGED(PCAP_ANALYSIS),,0
2026-03-01 04:11:08,10.2.28.88,10.2.28.2,57489,389,udp,ldap,Exploits,0.4012,CON,232,LOGGED(PCAP_ANALYSIS),,0
2026-03-01 04:11:08,10.2.28.88,10.2.28.2,57243,135,tcp,-,Exploits,0.4025,RST,904,LOGGED(PCAP_ANALYSIS),,0
2026-03-01 04:11:08,10.2.28.88,10.2.28.2,57244,49671,tcp,-,Exploits,0.4405,RST,4484,LOGGED(PCAP_ANALYSIS),,0
2026-03-01 04:11:08,10.2.28.88,10.2.28.2,57491,389,udp,ldap,Exploits,0.3993,CON,232,LOGGED(PCAP_ANALYSIS),,0
2026-03-01 04:11:08,10.2.28.88,10.2.28.2,57245,389,tcp,ldap,Exploits,0.4024,FIN,3719,LOGGED(PCAP_ANALYSIS),,0
2026-03-01 04:11:08,10.2.28.88,10.2.28.2,57246,389,tcp,ldap,Exploits,0.3559,FIN,3095,LOGGED(PCAP_ANALYSIS),,0
2026-03-01 04:11:08,10.2.28.2,10.2.28.88,445,59991,tcp,smb,Exploits,0.2917,INT,754,LOGGED(PCAP_ANALYSIS),,0
2026-03-01 04:11:08,10.2.28.88,52.168.112.67,57247,443,tcp,ssl,Exploits,0.4579,FIN,4453,LOGGED(PCAP_ANALYSIS),,0
2026-03-01 04:11:08,10.2.28.2,10.2.28.88,137,137,udp,-,Fuzzers,0.3607,INT,208,LOGGED(PCAP_ANALYSIS),,0
2026-03-01 04:11:08,10.2.28.88,104.208.203.89,58020,443,tcp,ssl,Exploits,0.2984,INT,273,LOGGED(PCAP_ANALYSIS),,0
2026-03-01 04:11:08,10.2.28.88,10.2.28.2,57488,53,udp,dns,Exploits,0.536,CON,154,LOGGED(PCAP_ANALYSIS),,0
2026-03-01 04:11:08,10.2.28.88,10.2.28.2,64574,53,udp,dns,Exploits,0.5,CON,154,LOGGED(PCAP_ANALYSIS),,0
2026-03-01 04:11:08,10.2.28.88,10.2.28.2,57248,445,tcp,smb,Exploits,0.4446,RST,5530,LOGGED(PCAP_ANALYSIS),,0
2026-03-01 04:13:58,10.2.28.88,10.2.28.2,57249,135,tcp,-,Exploits,0.3075,FIN,742,LOGGED(PCAP_ANALYSIS),,0
2026-03-01 04:13:58,10.2.28.88,10.2.28.2,57250,49671,tcp,-,Exploits,0.3257,FIN,3668,LOGGED(PCAP_ANALYSIS),,0
2026-03-01 04:13:58,10.2.28.88,10.2.28.2,57251,135,tcp,-,Exploits,0.3847,RST,904,LOGGED(PCAP_ANALYSIS),,0
2026-03-01 04:13:58,10.2.28.88,10.2.28.2,57252,49671,tcp,-,Exploits,0.444,RST,4397,LOGGED(PCAP_ANALYSIS),,0
2026-03-01 04:13:58,10.2.28.88,10.2.28.2,57253,389,tcp,ldap,Exploits,0.4159,FIN,3633,LOGGED(PCAP_ANALYSIS),,0
2026-03-01 04:13:58,10.2.28.88,10.2.28.2,57254,389,tcp,ldap,Exploits,0.3559,FIN,3009,LOGGED(PCAP_ANALYSIS),,0
2026-03-01 04:13:58,10.2.28.88,10.2.28.2,64574,53,udp,dns,Exploits,0.5167,CON,170,LOGGED(PCAP_ANALYSIS),,0
2026-03-01 04:13:58,10.2.28.88,20.190.157.14,57255,443,tcp,ssl,Exploits,0.4504,RST,1803,LOGGED(PCAP_ANALYSIS),,0
2026-03-01 04:13:58,10.2.28.88,10.2.28.2,50438,53,udp,dns,Exploits,0.4559,CON,182,LOGGED(PCAP_ANALYSIS),,0
2026-03-01 04:13:58,10.2.28.88,52.167.17.97,57256,443,tcp,ssl,Exploits,0.5018,FIN,2038,LOGGED(PCAP_ANALYSIS),,0
2026-03-01 04:13:58,10.2.28.2,10.2.28.88,445,59991,tcp,smb,Exploits,0.3336,INT,60,LOGGED(PCAP_ANALYSIS),,0
2026-03-01 04:16:47,10.2.28.88,10.2.28.2,57257,135,tcp,-,Exploits,0.358,RST,904,LOGGED(PCAP_ANALYSIS),,0
2026-03-01 04:16:47,10.2.28.88,10.2.28.2,57258,49671,tcp,-,Exploits,0.4416,RST,4398,LOGGED(PCAP_ANALYSIS),,0
2026-03-01 04:16:47,10.2.28.88,10.2.28.2,57259,389,tcp,ldap,Exploits,0.4025,FIN,3633,LOGGED(PCAP_ANALYSIS),,0
2026-03-01 04:16:47,10.2.28.88,10.2.28.2,57260,389,tcp,ldap,Exploits,0.3559,FIN,3009,LOGGED(PCAP_ANALYSIS),,0
2026-03-01 04:16:47,10.2.28.88,10.2.28.2,53583,53,udp,dns,Exploits,0.4567,CON,170,LOGGED(PCAP_ANALYSIS),,0
2026-03-01 04:16:47,10.2.28.88,40.126.29.10,57261,443,tcp,ssl,Exploits,0.4756,RST,1923,LOGGED(PCAP_ANALYSIS),,0
2026-03-01 04:16:47,10.2.28.88,10.2.28.2,63202,53,udp,dns,Exploits,0.4626,CON,182,LOGGED(PCAP_ANALYSIS),,0
2026-03-01 04:16:47,10.2.28.88,20.49.150.241,57262,443,tcp,ssl,Exploits,0.4475,FIN,2038,LOGGED(PCAP_ANALYSIS),,0
2026-03-01 04:16:47,10.2.28.88,104.208.203.89,58020,443,tcp,ssl,Exploits,0.2812,INT,60,LOGGED(PCAP_ANALYSIS),,0
2026-03-01 04:16:47,10.2.28.2,10.2.28.88,445,59991,tcp,smb,Exploits,0.3336,INT,60,LOGGED(PCAP_ANALYSIS),,0
2026-03-01 04:16:47,10.2.28.2,10.2.28.88,137,137,udp,-,Generic,0.2621,INT,104,LOGGED(PCAP_ANALYSIS),,0
2026-03-01 04:16:47,10.2.28.88,10.2.28.2,123,123,udp,ntp,Exploits,0.442,CON,162,LOGGED(PCAP_ANALYSIS),,0
2026-03-01 04:16:47,10.2.28.88,10.2.28.2,57488,53,udp,dns,Exploits,0.5445,CON,154,LOGGED(PCAP_ANALYSIS),,0
2026-03-01 04:25:24,10.2.28.88,10.2.28.2,62013,53,udp,dns,Exploits,0.3311,CON,324,LOGGED(PCAP_ANALYSIS),,0
2026-03-01 04:25:24,10.2.28.88,10.2.28.2,57264,49671,tcp,-,Exploits,0.3777,RST,4398,LOGGED(PCAP_ANALYSIS),,0
2026-03-01 04:25:24,10.2.28.88,10.2.28.2,57265,389,tcp,ldap,Exploits,0.4017,FIN,3633,LOGGED(PCAP_ANALYSIS),,0
2026-03-01 04:25:24,10.2.28.88,10.2.28.2,57266,389,tcp,ldap,Exploits,0.3551,FIN,3009,LOGGED(PCAP_ANALYSIS),,0
2026-03-01 04:25:24,10.2.28.88,20.190.135.3,57267,443,tcp,ssl,Exploits,0.4879,RST,1982,LOGGED(PCAP_ANALYSIS),,0
2026-03-01 04:25:24,10.2.28.2,10.2.28.88,445,59991,tcp,smb,Exploits,0.2874,INT,754,LOGGED(PCAP_ANALYSIS),,0
2026-03-01 04:25:24,10.2.28.88,104.208.203.89,58020,443,tcp,ssl,Exploits,0.307,INT,120,LOGGED(PCAP_ANALYSIS),,0
2026-03-01 04:25:24,10.2.28.88,51.105.71.137,57268,443,tcp,ssl,Exploits,0.2969,FIN,2461,LOGGED(PCAP_ANALYSIS),,0
2026-03-01 04:25:24,10.2.28.88,10.2.28.2,49865,53,udp,dns,Exploits,0.4867,CON,166,LOGGED(PCAP_ANALYSIS),,0
2026-03-01 04:25:24,10.2.28.88,23.213.232.101,57269,80,tcp,http,Exploits,0.3472,FIN,1320,LOGGED(PCAP_ANALYSIS),,0
2026-03-01 04:25:24,10.2.28.2,10.2.28.88,137,137,udp,-,Generic,0.2421,INT,104,LOGGED(PCAP_ANALYSIS),,0
2026-03-01 04:25:24,10.2.28.88,10.2.28.2,50246,53,udp,dns,Exploits,0.3333,CON,87,LOGGED(PCAP_ANALYSIS),,0
2026-03-01 04:30:02,10.2.28.88,10.2.28.2,57270,445,tcp,smb,Exploits,0.4569,RST,5530,LOGGED(PCAP_ANALYSIS),,0
2026-03-01 04:30:02,10.2.28.88,10.2.28.2,57274,49671,tcp,-,Exploits,0.29,FIN,3668,LOGGED(PCAP_ANALYSIS),,0
2026-03-01 04:30:02,10.2.28.88,10.2.28.2,50246,53,udp,dns,Exploits,0.3425,CON,265,LOGGED(PCAP_ANALYSIS),,0
2026-03-01 04:30:02,10.2.28.88,10.2.28.2,57275,389,tcp,ldap,Exploits,0.4061,FIN,3975,LOGGED(PCAP_ANALYSIS),,0
2026-03-01 04:30:02,10.2.28.88,10.2.28.2,50248,389,udp,ldap,Exploits,0.3655,CON,271,LOGGED(PCAP_ANALYSIS),,0
2026-03-01 04:30:02,10.2.28.88,10.2.28.2,57276,389,tcp,ldap,Exploits,0.3633,FIN,2996,LOGGED(PCAP_ANALYSIS),,0
2026-03-01 04:30:02,10.2.28.88,20.189.173.1,57277,443,tcp,ssl,Exploits,0.3035,FIN,2401,LOGGED(PCAP_ANALYSIS),,0
2026-03-01 04:30:02,10.2.28.88,13.70.79.200,57278,443,tcp,ssl,Exploits,0.4025,FIN,3850,LOGGED(PCAP_ANALYSIS),,0
2026-03-01 04:30:02,10.2.28.2,10.2.28.88,137,137,udp,-,Generic,0.2621,INT,104,LOGGED(PCAP_ANALYSIS),,0
2026-03-01 04:30:02,10.2.28.88,10.2.28.2,57488,53,udp,dns,Exploits,0.556,CON,154,LOGGED(PCAP_ANALYSIS),,0
2026-03-01 04:30:02,10.2.28.88,10.2.28.2,54640,53,udp,dns,Exploits,0.5067,CON,154,LOGGED(PCAP_ANALYSIS),,0
2026-03-01 04:30:02,10.2.28.88,104.208.203.89,58020,443,tcp,ssl,Exploits,0.2905,INT,60,LOGGED(PCAP_ANALYSIS),,0
2026-03-01 04:30:02,10.2.28.88,10.2.28.2,63702,53,udp,dns,Exploits,0.4,CON,78,LOGGED(PCAP_ANALYSIS),,0
2026-03-01 04:30:02,10.2.28.88,10.2.28.2,49412,53,udp,dns,Exploits,0.3867,CON,78,LOGGED(PCAP_ANALYSIS),,0
2026-03-01 04:30:02,10.2.28.88,150.171.28.11,57010,443,tcp,ssl,DoS,0.2882,RST,3614,LOGGED(PCAP_ANALYSIS),,0
2026-03-01 04:37:00,10.2.28.2,10.2.28.88,445,59991,tcp,smb,Exploits,0.2874,INT,754,LOGGED(PCAP_ANALYSIS),,0
2026-03-01 04:37:00,10.2.28.88,104.208.203.89,58020,443,tcp,ssl,Exploits,0.2838,INT,273,LOGGED(PCAP_ANALYSIS),,0
2026-03-01 04:37:00,10.2.28.2,10.2.28.88,137,137,udp,-,Fuzzers,0.3474,INT,208,LOGGED(PCAP_ANALYSIS),,0
2026-03-01 04:37:00,10.2.28.88,10.2.28.2,62680,53,udp,dns,Exploits,0.4133,CON,78,LOGGED(PCAP_ANALYSIS),,0
2026-03-01 04:37:00,10.2.28.88,10.2.28.2,54744,53,udp,dns,Exploits,0.4,CON,78,LOGGED(PCAP_ANALYSIS),,0
2026-03-01 04:37:00,10.2.28.88,10.2.28.2,54640,53,udp,dns,Exploits,0.337,CON,382,LOGGED(PCAP_ANALYSIS),,0
2026-03-01 04:37:00,10.2.28.88,150.171.27.11,63876,80,tcp,http,Exploits,0.3619,FIN,743,LOGGED(PCAP_ANALYSIS),,0
2026-03-01 04:37:00,10.2.28.88,52.123.129.14,63877,443,tcp,ssl,Exploits,0.3326,FIN,3203,LOGGED(PCAP_ANALYSIS),,0
2026-03-01 04:37:00,10.2.28.88,52.123.129.14,63878,443,tcp,ssl,Exploits,0.2827,RST,2379,LOGGED(PCAP_ANALYSIS),,0
2026-03-01 04:37:00,10.2.28.88,10.2.28.2,57488,53,udp,dns,Exploits,0.5427,CON,154,LOGGED(PCAP_ANALYSIS),,0
2026-03-01 04:39:02,10.2.28.88,10.2.28.2,54745,389,udp,ldap,Exploits,0.3933,CON,503,LOGGED(PCAP_ANALYSIS),,0
2026-03-01 04:39:02,10.2.28.88,10.2.28.2,63879,389,tcp,ldap,Exploits,0.3833,FIN,4038,LOGGED(PCAP_ANALYSIS),,0
2026-03-01 04:39:02,10.2.28.88,10.2.28.2,63881,49671,tcp,-,Exploits,0.2867,FIN,3770,LOGGED(PCAP_ANALYSIS),,0
2026-03-01 04:39:02,10.2.28.88,10.2.28.2,54747,389,udp,ldap,Exploits,0.3515,CON,231,LOGGED(PCAP_ANALYSIS),,0
2026-03-01 04:39:02,10.2.28.88,10.2.28.2,63882,389,tcp,ldap,Exploits,0.3595,FIN,3058,LOGGED(PCAP_ANALYSIS),,0
2026-03-01 04:39:02,10.2.28.88,104.208.203.89,58020,443,tcp,ssl,Exploits,0.2561,INT,60,LOGGED(PCAP_ANALYSIS),,0
2026-03-01 04:47:12,10.2.28.2,10.2.28.88,445,59991,tcp,smb,Exploits,0.3075,INT,814,LOGGED(PCAP_ANALYSIS),,0
2026-03-01 04:47:12,10.2.28.2,10.2.28.88,137,137,udp,-,Fuzzers,0.3474,INT,208,LOGGED(PCAP_ANALYSIS),,0
2026-03-01 04:47:12,10.2.28.88,104.208.203.89,58020,443,tcp,ssl,Exploits,0.2806,INT,120,LOGGED(PCAP_ANALYSIS),,0
2026-03-01 04:47:12,10.2.28.88,10.2.28.2,57488,53,udp,dns,Exploits,0.5293,CON,154,LOGGED(PCAP_ANALYSIS),,0
2026-03-01 04:47:12,10.2.28.88,10.2.28.2,54640,53,udp,dns,Exploits,0.536,CON,154,LOGGED(PCAP_ANALYSIS),,0
2026-03-01 04:48:28,10.2.28.88,10.2.28.2,63883,445,tcp,smb,Exploits,0.3933,RST,25730,LOGGED(PCAP_ANALYSIS),,0
2026-03-01 04:48:28,10.2.28.88,10.2.28.2,54640,53,udp,dns,Exploits,0.5285,CON,150,LOGGED(PCAP_ANALYSIS),,0
2026-03-01 04:48:28,10.2.28.88,23.192.223.5,63886,443,tcp,ssl,Exploits,0.4312,CON,2080,LOGGED(PCAP_ANALYSIS),,0
2026-03-01 04:48:28,10.2.28.88,10.2.28.2,63271,53,udp,dns,Exploits,0.42,CON,71,LOGGED(PCAP_ANALYSIS),,0
2026-03-01 04:48:28,10.2.28.88,10.2.28.2,60081,53,udp,dns,Exploits,0.4333,CON,71,LOGGED(PCAP_ANALYSIS),,0
2026-03-01 04:48:28,10.2.28.88,10.2.28.2,63890,49671,tcp,-,Exploits,0.34,CON,4706,LOGGED(PCAP_ANALYSIS),,0
2026-03-01 04:48:28,10.2.28.88,23.41.251.53,62031,443,tcp,ssl,Exploits,0.4676,CON,4084,LOGGED(PCAP_ANALYSIS),,0
2026-03-01 04:48:28,10.2.28.88,10.2.28.2,62033,445,tcp,smb,Exploits,0.4481,CON,6687,LOGGED(PCAP_ANALYSIS),,0
2026-03-01 04:48:28,10.2.28.88,10.2.28.2,61128,53,udp,dns,Exploits,0.49,CON,202,LOGGED(PCAP_ANALYSIS),,0
2026-03-01 04:48:28,10.2.28.88,23.218.232.148,62034,80,tcp,http,DoS,0.3132,CON,589,LOGGED(PCAP_ANALYSIS),,0
2026-03-01 04:50:26,10.2.28.88,23.218.232.148,62035,80,tcp,http,Exploits,0.3394,FIN,27061,LOGGED(PCAP_ANALYSIS),,0
2026-03-01 04:50:26,10.2.28.88,10.2.28.2,62033,445,tcp,smb,Exploits,0.3953,INT,312,LOGGED(PCAP_ANALYSIS),,0
2026-03-01 04:50:26,10.2.28.88,10.2.28.2,63889,135,tcp,-,Exploits,0.3394,INT,120,LOGGED(PCAP_ANALYSIS),,0
2026-03-01 04:50:26,10.2.28.88,10.2.28.2,60994,53,udp,dns,Exploits,0.4133,CON,78,LOGGED(PCAP_ANALYSIS),,0
2026-03-01 04:50:26,10.2.28.88,10.2.28.2,61817,53,udp,dns,Exploits,0.4044,CON,78,LOGGED(PCAP_ANALYSIS),,0
2026-03-01 04:50:26,10.2.28.88,150.171.28.11,52536,443,tcp,ssl,Exploits,0.3015,FIN,4781,LOGGED(PCAP_ANALYSIS),,0
2026-03-01 04:50:26,10.2.28.88,10.2.28.2,63890,49671,tcp,-,Exploits,0.2869,INT,120,LOGGED(PCAP_ANALYSIS),,0
2026-03-01 04:50:26,10.2.28.88,23.41.251.53,62031,443,tcp,ssl,Exploits,0.4065,INT,180,LOGGED(PCAP_ANALYSIS),,0
2026-03-01 04:50:26,10.2.28.88,10.2.28.2,61551,53,udp,dns,Exploits,0.4133,CON,92,LOGGED(PCAP_ANALYSIS),,0
2026-03-01 04:50:26,10.2.28.88,20.42.65.94,52537,443,tcp,ssl,Exploits,0.5126,CON,2283,LOGGED(PCAP_ANALYSIS),,0
2026-03-01 04:50:26,10.2.28.2,10.2.28.88,445,59991,tcp,smb,Exploits,0.2705,INT,514,LOGGED(PCAP_ANALYSIS),,0
2026-03-01 04:50:26,10.2.28.88,23.192.223.5,63886,443,tcp,ssl,Exploits,0.4062,INT,180,LOGGED(PCAP_ANALYSIS),,0
2026-03-01 04:50:26,10.2.28.88,23.218.232.148,62034,80,tcp,http,Exploits,0.2775,INT,120,LOGGED(PCAP_ANALYSIS),,0
2026-03-01 04:50:26,10.2.28.88,104.208.203.89,58020,443,tcp,ssl,Exploits,0.2561,INT,60,LOGGED(PCAP_ANALYSIS),,0
2026-03-01 05:05:57,10.2.28.88,10.2.28.2,123,123,udp,ntp,Exploits,0.4514,CON,162,LOGGED(PCAP_ANALYSIS),,0
2026-03-01 05:05:57,10.2.28.88,10.2.28.2,61551,53,udp,dns,Exploits,0.436,CON,162,LOGGED(PCAP_ANALYSIS),,0
2026-03-01 05:05:57,10.2.28.88,142.250.138.94,52539,443,tcp,ssl,Exploits,0.3213,FIN,3536,LOGGED(PCAP_ANALYSIS),,0
2026-03-01 05:05:57,10.2.28.88,20.42.65.94,52537,443,tcp,ssl,Exploits,0.4012,INT,120,LOGGED(PCAP_ANALYSIS),,0
2026-03-01 05:05:57,10.2.28.2,10.2.28.88,445,59991,tcp,smb,Exploits,0.3101,INT,934,LOGGED(PCAP_ANALYSIS),,0
2026-03-01 05:05:57,10.2.28.2,10.2.28.88,137,137,udp,-,Fuzzers,0.3587,INT,312,LOGGED(PCAP_ANALYSIS),,0
2026-03-01 05:05:57,10.2.28.88,104.208.203.89,58020,443,tcp,ssl,Exploits,0.2758,INT,333,LOGGED(PCAP_ANALYSIS),,0
2026-03-01 05:05:57,10.2.28.88,10.2.28.2,52540,445,tcp,smb,Exploits,0.4219,RST,5530,LOGGED(PCAP_ANALYSIS),,0
2026-03-01 05:05:57,10.2.28.88,10.2.28.2,60783,53,udp,dns,Exploits,0.4759,CON,180,LOGGED(PCAP_ANALYSIS),,0
2026-03-01 05:05:57,10.2.28.88,13.89.179.13,52541,443,tcp,ssl,Exploits,0.3456,FIN,2340,LOGGED(PCAP_ANALYSIS),,0
2026-03-01 05:05:57,10.2.28.88,10.2.28.2,57488,53,udp,dns,Exploits,0.556,CON,154,LOGGED(PCAP_ANALYSIS),,0
2026-03-01 05:05:57,10.2.28.88,10.2.28.2,63805,53,udp,dns,Exploits,0.3155,CON,458,LOGGED(PCAP_ANALYSIS),,0
2026-03-01 05:05:57,10.2.28.88,10.2.28.2,63806,389,udp,ldap,Exploits,0.4127,CON,232,LOGGED(PCAP_ANALYSIS),,0
2026-03-01 05:05:57,10.2.28.88,10.2.28.2,52542,135,tcp,-,Exploits,0.4357,RST,844,LOGGED(PCAP_ANALYSIS),,0
2026-03-01 05:05:57,10.2.28.88,10.2.28.2,52543,49671,tcp,-,Exploits,0.4432,RST,4424,LOGGED(PCAP_ANALYSIS),,0
2026-03-01 05:05:57,10.2.28.88,10.2.28.2,52544,389,tcp,ldap,Exploits,0.4157,FIN,3719,LOGGED(PCAP_ANALYSIS),,0
2026-03-01 05:05:57,10.2.28.88,10.2.28.2,52545,389,tcp,ldap,Exploits,0.3559,FIN,3095,LOGGED(PCAP_ANALYSIS),,0
2026-03-01 05:05:57,10.2.28.88,20.42.73.30,52546,443,tcp,ssl,Exploits,0.3597,FIN,3478,LOGGED(PCAP_ANALYSIS),,0
2026-03-01 05:07:38,10.2.28.88,10.2.28.2,52547,135,tcp,-,Exploits,0.3612,RST,904,LOGGED(PCAP_ANALYSIS),,0
2026-03-01 05:07:38,10.2.28.88,10.2.28.2,52548,49671,tcp,-,Exploits,0.4439,RST,4398,LOGGED(PCAP_ANALYSIS),,0
2026-03-01 05:07:38,10.2.28.88,10.2.28.2,52549,389,tcp,ldap,Exploits,0.4292,FIN,3633,LOGGED(PCAP_ANALYSIS),,0
2026-03-01 05:07:38,10.2.28.88,10.2.28.2,52550,389,tcp,ldap,Exploits,0.3892,FIN,3009,LOGGED(PCAP_ANALYSIS),,0
2026-03-01 05:07:38,10.2.28.88,10.2.28.2,53832,53,udp,dns,Exploits,0.4833,CON,170,LOGGED(PCAP_ANALYSIS),,0
2026-03-01 05:07:38,10.2.28.88,20.190.135.4,52551,443,tcp,ssl,Exploits,0.4923,RST,1862,LOGGED(PCAP_ANALYSIS),,0
2026-03-01 05:07:38,10.2.28.88,10.2.28.2,50082,53,udp,dns,Exploits,0.4692,CON,182,LOGGED(PCAP_ANALYSIS),,0
2026-03-01 05:07:38,10.2.28.88,20.72.205.209,52552,443,tcp,ssl,Exploits,0.5202,FIN,2038,LOGGED(PCAP_ANALYSIS),,0
2026-03-01 05:07:38,10.2.28.88,104.208.203.89,58020,443,tcp,ssl,Exploits,0.2787,INT,60,LOGGED(PCAP_ANALYSIS),,0
2026-03-01 05:07:38,10.2.28.88,10.2.28.2,57488,53,udp,dns,Exploits,0.5445,CON,154,LOGGED(PCAP_ANALYSIS),,0
2026-03-01 05:07:38,10.2.28.88,10.2.28.2,54951,53,udp,dns,Exploits,0.3377,CON,304,LOGGED(PCAP_ANALYSIS),,0
2026-03-01 05:07:38,10.2.28.2,10.2.28.88,445,59991,tcp,smb,Exploits,0.3936,INT,60,LOGGED(PCAP_ANALYSIS),,0
2026-03-01 05:07:38,10.2.28.88,10.2.28.2,52556,135,tcp,-,Exploits,0.3183,CON,622,LOGGED(PCAP_ANALYSIS),,0
2026-03-01 05:07:38,10.2.28.88,10.2.28.2,52557,49671,tcp,-,Exploits,0.4453,CON,1328,LOGGED(PCAP_ANALYSIS),,0
2026-03-01 05:07:38,10.2.28.88,23.60.174.202,52558,443,tcp,ssl,Exploits,0.5575,CON,2570,LOGGED(PCAP_ANALYSIS),,0
2026-03-01 05:16:47,10.2.28.2,10.2.28.88,137,137,udp,-,Fuzzers,0.3147,INT,208,LOGGED(PCAP_ANALYSIS),,0
2026-03-01 05:16:47,10.2.28.2,10.2.28.88,445,59991,tcp,smb,Exploits,0.2988,INT,694,LOGGED(PCAP_ANALYSIS),,0
2026-03-01 05:16:47,10.2.28.88,23.60.174.202,52558,443,tcp,ssl,Exploits,0.4595,INT,180,LOGGED(PCAP_ANALYSIS),,0
2026-03-01 05:16:47,10.2.28.88,104.208.203.89,58020,443,tcp,ssl,Exploits,0.2873,INT,120,LOGGED(PCAP_ANALYSIS),,0
2026-03-01 05:16:47,10.2.28.88,10.2.28.2,52559,445,tcp,smb,Exploits,0.4219,RST,5530,LOGGED(PCAP_ANALYSIS),,0
2026-03-01 05:16:47,10.2.28.88,10.2.28.2,57488,53,udp,dns,Exploits,0.5427,CON,154,LOGGED(PCAP_ANALYSIS),,0
2026-03-01 05:38:35,10.2.28.88,10.2.28.2,63691,53,udp,dns,Exploits,0.3311,CON,324,LOGGED(PCAP_ANALYSIS),,0
2026-03-01 05:38:35,10.2.28.88,10.2.28.2,52561,49671,tcp,-,Exploits,0.3686,RST,4398,LOGGED(PCAP_ANALYSIS),,0
2026-03-01 05:38:35,10.2.28.88,10.2.28.2,63693,389,udp,ldap,Exploits,0.4161,CON,232,LOGGED(PCAP_ANALYSIS),,0
2026-03-01 05:38:35,10.2.28.88,10.2.28.2,52562,389,tcp,ldap,Exploits,0.4345,FIN,3633,LOGGED(PCAP_ANALYSIS),,0
2026-03-01 05:38:35,10.2.28.88,10.2.28.2,52563,389,tcp,ldap,Exploits,0.396,RST,2949,LOGGED(PCAP_ANALYSIS),,0
2026-03-01 05:38:35,10.2.28.88,40.126.29.9,52564,443,tcp,ssl,Exploits,0.524,RST,1983,LOGGED(PCAP_ANALYSIS),,0
2026-03-01 05:38:35,10.2.28.88,10.2.28.2,53312,53,udp,dns,Exploits,0.4626,CON,182,LOGGED(PCAP_ANALYSIS),,0
2026-03-01 05:38:35,10.2.28.88,52.183.220.149,52565,443,tcp,ssl,Exploits,0.4159,FIN,2237,LOGGED(PCAP_ANALYSIS),,0
2026-03-01 05:38:35,10.2.28.2,10.2.28.88,445,59991,tcp,smb,Exploits,0.2606,INT,1568,LOGGED(PCAP_ANALYSIS),,0
2026-03-01 05:38:35,10.2.28.2,10.2.28.88,137,137,udp,-,Fuzzers,0.3477,INT,416,LOGGED(PCAP_ANALYSIS),,0
2026-03-01 05:38:35,10.2.28.88,10.2.28.2,58458,53,udp,dns,Exploits,0.4692,CON,178,LOGGED(PCAP_ANALYSIS),,0
2026-03-01 05:38:35,10.2.28.88,13.89.178.27,52566,443,tcp,ssl,Exploits,0.428,FIN,4011,LOGGED(PCAP_ANALYSIS),,0
2026-03-01 05:38:35,10.2.28.88,10.2.28.2,123,123,udp,ntp,Exploits,0.4482,CON,162,LOGGED(PCAP_ANALYSIS),,0
2026-03-01 05:38:35,10.2.28.88,10.2.28.2,54237,53,udp,dns,Exploits,0.349,CON,395,LOGGED(PCAP_ANALYSIS),,0
2026-03-01 05:38:35,10.2.28.88,10.2.28.2,52567,445,tcp,smb,Exploits,0.4019,RST,5530,LOGGED(PCAP_ANALYSIS),,0
2026-03-01 05:38:35,10.2.28.88,13.89.179.13,52568,443,tcp,ssl,Exploits,0.3035,FIN,2398,LOGGED(PCAP_ANALYSIS),,0
2026-03-01 05:38:35,10.2.28.88,10.2.28.2,57488,53,udp,dns,Exploits,0.3577,CON,308,LOGGED(PCAP_ANALYSIS),,0
2026-03-01 05:38:35,10.2.28.88,10.2.28.2,52952,53,udp,dns,Exploits,0.4,CON,78,LOGGED(PCAP_ANALYSIS),,0
2026-03-01 05:38:35,10.2.28.88,10.2.28.2,65176,53,udp,dns,Exploits,0.4,CON,78,LOGGED(PCAP_ANALYSIS),,0
2026-03-01 05:38:35,10.2.28.88,150.171.27.11,55965,443,tcp,ssl,DoS,0.3013,RST,3518,LOGGED(PCAP_ANALYSIS),,0
2026-03-01 05:46:30,10.2.28.2,10.2.28.88,137,137,udp,-,Fuzzers,0.3147,INT,208,LOGGED(PCAP_ANALYSIS),,0
2026-03-01 05:46:30,10.2.28.2,10.2.28.88,445,59991,tcp,smb,Exploits,0.2988,INT,694,LOGGED(PCAP_ANALYSIS),,0
2026-03-01 05:46:30,10.2.28.88,10.2.28.2,55966,445,tcp,smb,Exploits,0.4019,RST,5530,LOGGED(PCAP_ANALYSIS),,0
2026-03-01 05:46:30,10.2.28.88,104.208.203.89,58020,443,tcp,ssl,Exploits,0.307,INT,120,LOGGED(PCAP_ANALYSIS),,0
2026-03-01 05:46:30,10.2.28.88,10.2.28.2,54237,53,udp,dns,Exploits,0.5427,CON,154,LOGGED(PCAP_ANALYSIS),,0
2026-03-01 05:46:30,10.2.28.88,10.2.28.2,57488,53,udp,dns,Exploits,0.5445,CON,154,LOGGED(PCAP_ANALYSIS),,0
